FSN,Model Name
WATD9H763MKPMWY7,ES3057
WATD9H76668N92DD,ME1113
WATD9H766ZBYGC6G,FS4669
WATD9H7674HBYDEU,CE1030
WATD9H768ME36CDD,FS4613
WATD9H769PTZ7Z7H,ES2965
WATD9H76AFPMEHCB,CH2809
WATD9H76AZGGFZYY,ES3038
WATD9H76BVJVFED9,CH2694
WATD9H76EFYH3ZFZ,FS4612
WATD9H76FSGFECAF,ME3021
WATD9H76GECD82NE,ES2348
WATD9H76GVTSJHKZ,ES3035
WATD9H76GWWFGXZH,FS4543
WATD9H76GZFTS635,FS4703
WATD9H76HEJYTSDA,CH2801
WATD9H76HTYWYVE4,FS4708
WATD9H76JSKZYMYH,BQ9346
WATD9H76JZQZACNF,ES3034
WATD9H76KZ5BVEYZ,FS4674
WATD9H76N5XCDMGF,ES3039
WATD9H76NMRFQWAQ,ES3053
WATD9H76NVVNGGHH,FS4659
WATD9H76QSUEG3YB,CH2783
WATD9H76QZSZBUNC,FS4702
WATD9H76RGGTYFTK,ES3037
WATD9H76RMFYTCDW,CH2696
WATD9H76SKSHYZZS,CH2808
WATD9H76SZWFCP5C,ES2861
WATD9H76UDJGUUKN,ES2964
WATD9H76ZNUBMBJF,CH2782
WATD9H76ZZ9NVYPQ,CH2807
WATD9H772DJ78MBS,JW16
WATD9H772XUSURHD,H608
WATD9H7734Z9QNKW,KO04
WATD9H773BFB7HFH,GL18
WATD9H773CGWZNXB,CV11
WATD9H773ESURA6V,K303
WATD9H773GP6AMRT,XT01
WATD9H773XSHNZRT,GL01
WATD9H774GMCAWG6,DV08
WATD9H775REUHEFG,J200
WATD9H775UE6DBDE,KW00
WATD9H776SUAKZHJ,E601
WATD9H777CVVAZE8,CM12
WATD9H777Q7NFBC8,K305
WATD9H777RFNHTUH,L501
WATD9H778B75RZSY,CM07
WATD9H778QGM9ZQF,GY09
WATD9H77AFHUGSCD,GL00
WATD9H77AY38NMKX,T2M739
WATD9H77AZRD5FWK,LK21
WATD9H77BGQ3YE8S,E308
WATD9H77BMHNGZGW,LU01
WATD9H77CC6Y9XYY,XS01
WATD9H77CH6EWFBN,A505
WATD9H77CVHWYK3C,XV02
WATD9H77CWRKDBGQ,CW08
WATD9H77CWV7UFM5,XS02
WATD9H77CZHYZS8R,C900
WATD9H77D4BQ3CJ9,JW12
WATD9H77DFQ6ZCYS,GL04
WATD9H77DQZHMYKB,EZ02
WATD9H77DVSGGT35,GL02
WATD9H77F7GFHSHD,G311
WATD9H77FGVNE6JW,T2N337
WATD9H77FHXNEKCU,NL08
WATD9H77FQFADHYK,H606
WATD9H77FQU3FHRN,KU05
WATD9H77FSQ8QN5K,XV06
WATD9H77FTJWJT8A,G602
WATD9H77FUWCZ6WS,T28201
WATD9H77FV56VFSZ,NL07
WATD9H77FYSMNSUM,CT16
WATD9H77FZDUHCMZ,LK20
WATD9H77GFWBANZR,LK06
WATD9H77GQGKGDGF,KO03
WATD9H77GUDEYGFH,NO06
WATD9H77GXVZ48Y8,J502
WATD9H77H3EMSNYD,L503
WATD9H77HAZYEJW7,J701
WATD9H77HBRGY7KF,T2M424
WATD9H77HFJ6GPUJ,H609
WATD9H77HFNWSZVX,H607
WATD9H77HKMMDT5D,E306
WATD9H77HRZ4HWPC,CM14
WATD9H77HT8HCHEZ,SJ05
WATD9H77J2SDME5K,L500
WATD9H77J2TE3APZ,J800
WATD9H77JFCUZMFP,G501
WATD9H77JZNSGWNQ,LU00
WATD9H77K9GUGVUF,XV07
WATD9H77KRQBZUGT,LK19
WATD9H77MK6WQ9WY,I703
WATD9H77MQMJCHHD,G700
WATD9H77MWWPAEM2,NL12
WATD9H77NDFYGZDY,L801
WATD9H77NDHZYRHG,Ls 23
WATD9H77NDJRTSD4,DL10
WATD9H77PAYGZHUF,KW03
WATD9H77PCQMSM3J,UV03
WATD9H77PSDQ82WF,JW11
WATD9H77PVMEWJ9E,XU04
WATD9H77PZMHZPYC,XT05
WATD9H77QCYFEPBH,T2N346
WATD9H77QRZXAK7Y,K503
WATD9H77QZ94DJUD,G111
WATD9H77RJENZAHR,G502
WATD9H77SQKH7FUQ,G804
WATD9H77SV7GFKZU,EF03
WATD9H77SVZVFYMS,CT13
WATD9H77SZ8GN2TX,XR12
WATD9H77T5GYRS5X,Ls 21
WATD9H77TGQKU5YT,CM11
WATD9H77TPZNFTX6,CM10
WATD9H77TUSZKM7M,L800
WATD9H77UHZHYHGN,I701
WATD9H77UQHZHJ4S,EZ01
WATD9H77V45ZEUYG,CW12
WATD9H77VJH8VGKH,XU14
WATD9H77VZPMUZJQ,RN01
WATD9H77VZVB9QHM,JJ02
WATD9H77WG9CXTDY,XD03
WATD9H77XBC8WCVQ,IB04
WATD9H77XNRZGBBN,H403
WATD9H77XV84G7RV,G806
WATD9H77YDKUAH5E,NL09
WATD9H77YJBRNPXM,XV05
WATD9H77YKHQU5BZ,NU02
WATD9H77YNGPPXFP,CT15
WATD9H77YXKWDUEY,RN00
WATD9H77Z9TTFZXA,LJ18
WATD9H77ZD9HA6JY,LK23
WATD9H77ZH6GAHHS,D101
WATD9H77ZJYRG83Z,G500
WATD9H77ZNDYJCCE,L502
WATD9H77ZRRMDJQG,CV10
WATD9H77ZVPCM8QC,G503
WATD9H77ZXXHRUTN,GL12
WATD9H77ZYF4ZFXC,XV01
WATD9H78YWMYFNSK,T49824
WATD9Y5HQ3WDVCJU,T5E371
WATDAGWE6CQBYJHB,03HL06
WATDAGWE9CWHCYAU,15HG01
WATDAGWECYC5BHGG,12HG00
WATDAGWEF7XD6TFQ,17HL01
WATDAGWEFCRUNQGA,08HL04
WATDAGWEGF7RFVYD,10HL02
WATDAGWEKCAGCKZF,08HL01
WATDAGWEPHPYFFG9,15HG02
WATDAGWETHYDJNCQ,05HL01
WATDAGWEVCN2RXVF,03HL00
WATDAGWEYBNBEEKE,03HG03
WATDAGWEZNJMP8SJ,13HL01
WATDAYVJSYCF6G48,ES2967
WATDC2SG6D8FJ6NB,PR143
WATDC2SG9R9T22ZA,PR60
WATDEDTY2FHZTHQQ,ES3001
WATDEDTY4WEYHP2Z,FS4533
WATDEDTYAAWYFVJE,CH2805
WATDEDTYARUP8PFD,CH2692
WATDEDTYHGZY37ZE,FS4680
WATDEDTYMHD76MPW,ES2997
WATDEDTYXAWNZCVJ,ES2845
WATDEHHY56MVGNBB,05HL02
WATDEHHY9UXYK4KH,03HG00
WATDEHHYAFNZZEGU,15HL00
WATDEHHYCD87QMAY,03HG04
WATDEHHYFEGXJXNQ,10HG00
WATDEHHYFHTMYHY9,08HG02
WATDEHHYFSGZ9JHJ,06HG01
WATDEHHYHHNPBRVA,10HG02
WATDEHHYHHTYNPTR,05HG01
WATDEHHYKRM7GJSC,10HL01
WATDEHHYMNYDTGVD,10HG01
WATDEHHYPNPPFX85,01HG01
WATDEHHYQGG6HX9M,08HG03
WATDEHHYQZJFXZZM,03HG01
WATDEHHYSFQUHWPZ,02HG03
WATDEHHYYHGZKZME,06HG00
WATDEKEF6VUFK4CE,JR1388
WATDEKEFPC3QN5TP,AM4360
WATDEKEFSJRWXZS6,FS4248
WATDEKEFXQG3H4TM,AM4368
WATDEKEFZ25QAU4Z,ME1099
WATDEZ727NRZHJT7,T49781
WATDEZ729QZW6GM8,T2M760
WATDEZ72A2ADXDU5,M201
WATDEZ72AABMUZJ9,PR147
WATDEZ72AFHK4MRZ,T49780
WATDEZ72B7U2ZGEF,GL14
WATDEZ72CH4RZF2Y,NL11
WATDEZ72DGZGASR3,T49783
WATDEZ72EYP3Y6HD,NL06
WATDEZ72FRYMHK2J,T41361
WATDEZ72G3FRZNYG,K400
WATDEZ72HU954QYH,K203
WATDEZ72PQGDGGDK,C905
WATDEZ72RVTJ3Y3H,T45221
WATDEZ72SFNDZT4Q,GL13
WATDEZ72SVEKNPGK,K204
WATDEZ72TPG8JKPK,MF46
WATDEZ72WA6HB7XY,L802
WATDEZ72WNRRWT48,T49617
WATDEZ72ZN56DPKY,L902
WATDEZ72ZZDBYHGP,BU02
WATDF2GV2DAYKNBF,PR150
WATDF2GVDBRMBDYF,PR160
WATDF2GVDHK9ZTEZ,PR114
WATDF2GVQNZMPBYH,PR133
WATDF2GVRCZGC9NZ,PR152
WATDF2GVU8J6ZRPY,PR153
WATDF2GVX8FZGJ6U,PR151
WATDF2GVZQGXVR43,PR148
WATDGCDPPWTGDZTW,SS016803000
WATDGD46QTXXYBQZ,FS4698
WATDGD46QUU9447Z,FS4777
WATDGD46S3G6XHUV,AM4422
WATDGD46SUZFJA9X,ME1121
WATDGD46VVBNGPUD,CH2599
WATDGD46YQEGTBHZ,FS4731
WATDGDAU2ZKPZHQX,T26941
WATDGDAU4H2CECWV,13HL02
WATDGDAU4RGYJDG3,SY03
WATDGDAU57E4HXYZ,LR01
WATDGDAU5VKTFXZ2,08HL05
WATDGDAU5VPQVAB4,TI013HL0600
WATDGDAU65AYZE9C,TI019HL0300
WATDGDAU6PY4YYJF,KS00
WATDGDAU6SGETQPG,FA05
WATDGDAU7BW3ZHGF,TI023HL0100
WATDGDAU7HPYNH8G,NO02
WATDGDAU8DCCHYTS,MI03
WATDGDAU8RGGCKDG,KX01
WATDGDAU9F9ETEZ6,SY01
WATDGDAU9GZFDZFQ,XE02
WATDGDAUACJUTYHW,NW12
WATDGDAUAEGCRBCN,TI019HL0200
WATDGDAUAEZNCZXZ,T2M987
WATDGDAUAVG8B2YT,TI024HL0400
WATDGDAUBHUHZNGD,XZ03
WATDGDAUBVKWKYP8,GH20
WATDGDAUCB9EKENZ,T42181
WATDGDAUDGYYHCZK,T2M705
WATDGDAUDWAQYYMY,09HG03
WATDGDAUENYYD8HU,08HL06
WATDGDAUFJYGPXGG,18HL00
WATDGDAUFKHBZ5XP,13HL03
WATDGDAUGMFURYMP,18HL02
WATDGDAUGMZZGJSY,SI01
WATDGDAUGNWNCYPB,MM02
WATDGDAUGYSCM6JW,SI00
WATDGDAUH2H9TCRZ,UD05
WATDGDAUHDHVQF8T,Ft 3
WATDGDAUHH9GWSDY,05HL03
WATDGDAUHRT3P4HQ,UD08
WATDGDAUHXHNPJUE,03HL05
WATDGDAUHZVGSY3H,TI024HL0100
WATDGDAUKAEHYGMN,12HL00
WATDGDAUKFCWHWDM,08HL03
WATDGDAUKUZZUAPS,TI013HL0500
WATDGDAUM4PWU4HR,KJ01
WATDGDAUMYJVQ2QR,MB00
WATDGDAUMZXESQSE,TI019HL0100
WATDGDAUNGJSHHBA,14HL01
WATDGDAUNPRXF3FA,TI019HL0000
WATDGDAUPBTANN8Z,T2M708
WATDGDAUPVNJYJ6B,DP03
WATDGDAUR7ZA5UW8,LR02
WATDGDAUSDNV4HUW,15HL01
WATDGDAUTFWGFYYR,KX00
WATDGDAUUDCGK92K,T49782
WATDGDAUUKMWYHYV,TI022HL0100
WATDGDAUV5PNZBZS,MO01
WATDGDAUVGCPJJNC,14HL02
WATDGDAUVGZNBMZ7,PR86
WATDGDAUVNSXRYWJ,13HL00
WATDGDAUW2FUZEZU,T2N087
WATDGDAUW7P24NZS,UF06
WATDGDAUWW5EFMDZ,TI024HL0200
WATDGDAUWZQBXQBB,KX02
WATDGDAUX9UBK4WA,T2M986
WATDGDAUXFYNE8XU,JP00
WATDGDAUXGHEWJFS,MB02
WATDGDAUXHXSWM6Z,TI024HL0000
WATDGDAUXYBZVBRG,TI023HL0000
WATDGDAUXZ6NASHG,NP00
WATDGDAUXZDERUUF,GY05
WATDGDAUYQZVRPJJ,12HL02
WATDGDAUYRNJVZFM,03HL01
WATDGDAUYXJJDKTF,15HL02
WATDGDAUZ3GFQRXM,SE03
WATDGDAUZ3GZBT5Z,15HL03
WATDGDAUZBBABMYG,VL00
WATDGDAUZP2MSFWN,SE02
WATDGDAUZRZCZHPM,XE01
WATDGH4ZBNRDMSF6,FS4787
WATDGN5D2KMUJGNQ,H704
WATDGN5D5AJCBKTV,I504
WATDGN5D7FZE6FWJ,I505
WATDGN5DCZBYMVYE,D905
WATDGN5DGJFBU39Q,E509
WATDGN5DH6NTDY2H,G505
WATDGN5DJTGGYG5F,G704
WATDGN5DKBSVZFUS,I100
WATDGN5DKKPZWZ59,DV12
WATDGN5DMAQHZ2P7,I507
WATDGN5DQUGHAN4H,I403
WATDGN5DSUZD79DQ,D906
WATDGN5DTG6GGGXE,F802
WATDGN5DTYG6CVFS,J202
WATDGN5DTZBHFYYH,J203
WATDGN5DVGJRVJDZ,J302
WATDGN5DXVJVPRQ7,F804
WATDGN5DY9BBGQZB,H702
WATDGN5DYUKRJVDC,I204
WATDGN5DZGYTH9ZS,K207
WATDGSZZ2SZPC8WD,FS4648
WATDGSZZ3S5WRMKN,AM4480
WATDGSZZ7FUAFYZQ,ES3266
WATDGSZZA5HAR9RT,FS4771
WATDGSZZAFCUMHV5,FS4773
WATDGSZZAZTNZHUH,ES3255
WATDGSZZBKVYMGWZ,FS4156
WATDGSZZBPKWH396,TI1004
WATDGSZZBPSMHZVV,CH2858
WATDGSZZCFNKFVEG,AM4442
WATDGSZZCHVTHG6Z,TI1005
WATDGSZZCNRQGWJK,FS4704
WATDGSZZDESZZH5H,ES3153
WATDGSZZEUPWFSMG,CH2867
WATDGSZZG4DQDK8Z,CE5012
WATDGSZZGEFWGVYG,ES3284
WATDGSZZGGSYHKQX,ES3283
WATDGSZZGMWDR2PX,FS4775
WATDGSZZHBCFJQZK,ES3174
WATDGSZZHBTXCFNQ,ME1090
WATDGSZZHH9W5K44,CH2865
WATDGSZZHXTG3HM7,ME1126
WATDGSZZJEFYBEYB,ES2880
WATDGSZZJTGEMTAQ,FS4780
WATDGSZZMJ5FSJSK,FS4788
WATDGSZZNK28EVZK,ES3182
WATDGSZZNSB6W6FM,ME1123
WATDGSZZPMQXY3RE,JR1302
WATDGSZZRV5PDXXE,FS4811
WATDGSZZSBCJK38G,FS4741
WATDGSZZTEZPD7HD,FS4565
WATDGSZZVWB9AVX5,FS4815
WATDGSZZX3ZY4ZM5,ES3258
WATDGSZZYJYYWYJY,ME1088
WATDGSZZYSEGHNDZ,ES3257
WATDGSZZZ5UPEEMZ,FS4774
WATDGSZZZHZNP7MZ,CH2863
WATDH6J42CMCM97R,06HG02
WATDH6J4AU9X6GC7,11HL01
WATDH6J4GFGANWEQ,04HL03
WATDH6J4GUWQT4PH,09HG00
WATDH6J4GXYGVZUH,04HG01
WATDH6J4HJBPWDBC,04HG03
WATDH6J4KKYMPJTG,11HL03
WATDH6J4KRHZNWAZ,12HL01
WATDH6J4MG62DXZ4,04HL05
WATDH6J4SJYXSZCJ,09HG01
WATDH6J4VDXA79KJ,06HG03
WATDH6J4VGHBRDHB,04HG00
WATDH6J4WECVJFRW,11HL00
WATDH6J4WT5SNDYH,04HL04
WATDH6J4XUCJSFC4,11HL04
WATDH6J4YEQEKS9F,04HG02
WATDH6J4ZNGF5C7S,11HL02
WATDHKMZMFFEMYQH,SS012197310
WATDHKMZNHWYGTEX,SS015301000
WATDHKMZQHAS8NNN,SS019159000
WATDHKU96J8WCAZC,SS015842000
WATDHKU9DG9BAFWS,SS014526000
WATDHKU9YGZFFBKS,SS015843000
WATDHMQ7GVZUHSUD,FS4609
WATDHMQ7NEAZCERQ,FS4584
WATDHMQ7THBWPGHX,FS4686
WATDHMQ7XYMGRMDJ,FS4359
WATDHSDR6CXWDGKC,ES3130
WATDHSDR9A75SZTB,ES3129
WATDHSDRFW88JQK6,ES3110
WATDHSDRHU7MKHV9,ES3077
WATDHSDRWYJSX9XR,ES3135
WATDHSDRXD8SUNBX,ES3139
WATDHSDRZVJFUQXZ,ES3136
WATDHYHHKZS2AMT8,M2
WATDHYHHN4GKYJPC,M5
WATDHYHHXR2CJHQE,Vector T6D
WATDKNFD24HVW4SE,TI000J60500
WATDKNFD2HCTJBS2,PR158
WATDKNFD2HZWDNHN,G705
WATDKNFD2KXVHYNZ,F902
WATDKNFD36MUGNJZ,PR156
WATDKNFD38FKNZMN,T2N725
WATDKNFD8EAZQ9GV,C903
WATDKNFD8RHFHZMZ,A046
WATDKNFD9CXCRGTG,MI22
WATDKNFDA5THZVEJ,J603
WATDKNFDAHFAX3EH,TI000O30200
WATDKNFDBGYPZY4S,C908
WATDKNFDBTNA5FH6,MH26
WATDKNFDCTDDGXGZ,TI000O30100
WATDKNFDCYYGUQY3,J601
WATDKNFDD4GZJHFQ,A042
WATDKNFDDNBRJF4J,TI000Q70300
WATDKNFDDNXDR4KT,T49261
WATDKNFDDRCRJZSE,J801
WATDKNFDDSGRTNBZ,T49867
WATDKNFDF6MUKNQS,F801
WATDKNFDFBYKSHHY,EL05
WATDKNFDFHCUGWZZ,PR142
WATDKNFDFJKKF23G,E303
WATDKNFDFP9EGK9R,G401
WATDKNFDFYCUA2UW,I201
WATDKNFDGFKHA4UD,T497L5
WATDKNFDGJSQ9R3P,OF06
WATDKNFDGYENDGG8,K202
WATDKNFDHAPJKAFF,J600
WATDKNFDHFSWSCFQ,C904
WATDKNFDHGBNFF4H,I103
WATDKNFDHHZQBHKS,EL00
WATDKNFDHKDFBTUF,I101
WATDKNFDHPGEKSC2,I800
WATDKNFDHWMPUJGC,I601
WATDKNFDHYUZ5FQV,D701
WATDKNFDJFGWADEZ,D500
WATDKNFDKANH5GHQ,L903
WATDKNFDKPPSGPDP,EL01
WATDKNFDKUKARMYG,TI000J20700
WATDKNFDMEHVWGUX,TI000J20500
WATDKNFDMFTYTFKN,TI000O50200
WATDKNFDN4PSCB22,J402
WATDKNFDNCQBM4PM,TI000M80300
WATDKNFDNCZHFACX,E702
WATDKNFDNGQFFWDS,I705
WATDKNFDNGUTA4Q9,T2N726
WATDKNFDNTZ6ZCQP,TI000J20600
WATDKNFDPPVMMUQ9,TI000M80200
WATDKNFDPSVSZSJP,PR157
WATDKNFDS5CJT8NP,A049
WATDKNFDSAT47VJH,M303
WATDKNFDURVDKXEC,E700
WATDKNFDUVHTRB5F,G706
WATDKNFDUYURAADE,TI000O30000
WATDKNFDVFD5DATN,I200
WATDKNFDVSSAGG7A,I102
WATDKNFDWTYDDNRB,TI000Q70200
WATDKNFDXKF5UK7K,BW07
WATDKNFDY9J5TX9H,T5K607
WATDKNFDYPFBUPHF,A043
WATDKNFDYTFCSYFG,TI000K20900
WATDKNFDZBTAGUJ7,OF07
WATDKNFDZFAKXQMH,T2N614
WATDKNFDZHFB8WY5,P101
WATDKNFDZQC2ASBM,TI000O50000
WATDKNFDZSFSUPPU,T5K606
WATDKNFDZZ8WFHCG,TI000K20800
WATDKNFDZZBCMCKC,F803
WATDKNFDZZC5KGQQ,J400
WATDKNFDZZV2MU9S,TI000M80100
WATDMGZZHZGEMF67,ES2829
WATDMGZZKYHYNGH7,FS4745
WATDN4FFEZFVZ3H6,TI002B10600
WATDN4FFQBAJUVFK,TI002B10400
WATDN4FFZWVZWBCH,TI002B11500
WATDNPGC6MTRDT6R,FS4311
WATDNPGCAUVZ3HBY,AM4381
WATDNPGCDCTNYZB7,CH2815
WATDNPGCGHHYVZGW,AM4356
WATDNPGCGSJDYZQP,CH2826
WATDNPGCHMNNPFSC,AM4382
WATDNPGCKVQJHDSU,ES2956
WATDNPGCN77ZMCRA,CH2506
WATDNPGCNB7EHZFH,DE5000
WATDNPGCRG4S5TTQ,CE1055
WATDNPGCRUKRXFS9,ES2982
WATDNPGCV8DFJ4DG,FS4577
WATDNPGCVHY5SJRY,CE5004
WATDNPGCXZPMHZQM,ES2774
WATDNPGCZUZ84XD4,FS4779
WATDP5YP2G4AEXX2,TI000Q30100
WATDP5YP4WUJZWPC,TI000N60000
WATDP5YP6S6HZ8T3,TI000N60200
WATDP5YP7BBQGMAK,12HG02
WATDP5YP7YFTUQG7,T2N156
WATDP5YP8BJWZXVK,TI000F90300
WATDP5YP8ZERHDHR,TI022HL0000
WATDP5YPA54RC3KM,TI000F90500
WATDP5YPBUCVABCF,TI003HG0600
WATDP5YPBVYF6H8H,ES3189
WATDP5YPBZKKAT3X,TI000F80700
WATDP5YPEHPKJ7MD,TI020HL0000
WATDP5YPFQT9HZZK,TI018HG0000
WATDP5YPFXRVECHS,TI000Q20100
WATDP5YPG4DCRE7S,TI018HG0200
WATDP5YPGHNMYUQN,TI020HL0200
WATDP5YPH89TRQ8E,TI000P50200
WATDP5YPHEPYUGXH,AM4116
WATDP5YPHGWUKDMS,TI000Q20000
WATDP5YPHSEHSHTA,AM4174
WATDP5YPJQCEQE8B,04HL02
WATDP5YPMKCEFFNG,TI000F80500
WATDP5YPMKGKGZCV,TI017HG0000
WATDP5YPPWTQADQH,11HL04
WATDP5YPQKZFMQSJ,TI000P60300
WATDP5YPQVMDFXZG,TI020HL0100
WATDP5YPRDGP8K3G,TI000N60300
WATDP5YPTXXE3XSF,17HL00 N
WATDP5YPU6QAHRQ8,TI000Q20300
WATDP5YPUJTUWREZ,TI000Q20200
WATDP5YPVGAMAARM,13HL02
WATDP5YPXYAUWCFR,TI020HL0300
WATDP5YPYNY8PXRG,TI000P60000
WATDP5YPYZHEMUG8,TI022HL0200
WATDP5YZ2CQAUFPZ,HL00
WATDP5YZ2QXBJKGZ,B809
WATDP5YZ2RXVJXXE,HL05
WATDP5YZ2RZ5UHZF,KN04
WATDP5YZ35PGGA5B,JY07
WATDP5YZ38QBRGB6,CV02
WATDP5YZ3M97ZHQ5,JW15
WATDP5YZ3UMUA99K,KN02
WATDP5YZ3YNWWEFY,B807
WATDP5YZ45NDXGAW,B304
WATDP5YZ4FHRDBMY,HL01
WATDP5YZ4PCTQDKG,KL10
WATDP5YZ4WMV34HM,C804
WATDP5YZ4XYZYGUB,GL03
WATDP5YZ4ZDPZNYD,C802
WATDP5YZ55RDYHVW,GL05
WATDP5YZ5DQCH63X,C801
WATDP5YZ5GGY8NU9,A510
WATDP5YZ5UZUZ6PJ,B808
WATDP5YZ5YDJBZRZ,E502
WATDP5YZ66TYPAWN,JX05
WATDP5YZ6DTADMDA,KN03
WATDP5YZ7HBYVFBS,KO02
WATDP5YZ7UYHHR3U,H305
WATDP5YZ8DWXNHCK,JJ06
WATDP5YZ8HUXNZAH,DL06
WATDP5YZ8XAXGTHN,G213
WATDP5YZ8ZBRDZVU,LX09
WATDP5YZ9ZHK8Z4H,DL02
WATDP5YZADHBZSDR,C902
WATDP5YZADQY8PHG,G309
WATDP5YZAFJFUEYA,JY02
WATDP5YZAKXKUHEG,LS06
WATDP5YZANDPFXXZ,FA03
WATDP5YZARV6PSKV,JY06
WATDP5YZASAZBHZN,LS20
WATDP5YZASCYTUNX,JO07
WATDP5YZAXBFUFFW,LW00
WATDP5YZAZMZNVBB,H303
WATDP5YZB6KCPK8Y,EZ03
WATDP5YZBDBXYFR8,D205
WATDP5YZBX3GPU8G,IB02
WATDP5YZBYGABVNC,H314
WATDP5YZBYGNKYVP,KL13
WATDP5YZCFTNTHBQ,LS09
WATDP5YZCHHZNAXN,LX02
WATDP5YZCQT98TEJ,B302
WATDP5YZDE6NERMU,LS02
WATDP5YZDR9P29KF,D105
WATDP5YZEADTZ9RA,BE14
WATDP5YZEHMTE4HS,KL11
WATDP5YZERTYZCDS,D203
WATDP5YZF9EGVTYH,D104
WATDP5YZF9FHAFCZ,LS24
WATDP5YZFA7AMAB3,CM08
WATDP5YZFCGRC5YY,LK12
WATDP5YZFFJPSCXS,D415
WATDP5YZFGG6UMNQ,KO00
WATDP5YZFMBD8T5B,B305
WATDP5YZG2MM4HQQ,KL07
WATDP5YZGECYCWA4,JJ00
WATDP5YZGEHHD2ZD,BE11
WATDP5YZGFZF2JSG,LJ04
WATDP5YZGGHHHEHZ,A047
WATDP5YZGHWZ3ZHB,E503
WATDP5YZGMGDFCFG,A302
WATDP5YZGNA76XDX,LS14
WATDP5YZGPMZATUE,D427
WATDP5YZGQ4ZA9RN,KN00
WATDP5YZGVNPPHE5,BE15
WATDP5YZGZXYN8YV,LJ12
WATDP5YZHFXHXMJU,B603
WATDP5YZHGGNT46Z,KQ00
WATDP5YZHHKZZGJP,KL14
WATDP5YZHJHGHGHZ,LS23
WATDP5YZHJJVMKQT,BU15
WATDP5YZHUUPKKXS,LK14
WATDP5YZHY2GTWYP,LK01
WATDP5YZHYGWGD7G,D204
WATDP5YZJGMVDXP8,D200
WATDP5YZJKVYHFNE,03HL04
WATDP5YZJNHUGPJQ,EZ00
WATDP5YZJZQGY7T6,JO08
WATDP5YZK5RAVDF8,KH14
WATDP5YZKPHHHVU4,JO06
WATDP5YZKQJHNKEZ,KQ05
WATDP5YZKTXHR6UZ,BW01
WATDP5YZKUHRVAA2,KQ06
WATDP5YZKX5CZ2ZP,D429
WATDP5YZM3HKJPGK,KQ04
WATDP5YZMBUKZR7Q,E505
WATDP5YZMHNK4ZAH,A048
WATDP5YZMMPCCFHV,LJ00
WATDP5YZMUNEFVW2,JO01
WATDP5YZMWHPHHZ9,D103
WATDP5YZMZFVEJ2R,A502
WATDP5YZNE6Z79WM,KH13
WATDP5YZNGRBBRFY,CS02
WATDP5YZNKAXVHYD,LS21
WATDP5YZNTXKK9NN,IB03
WATDP5YZNXTCZQSQ,IX16
WATDP5YZNZBFRGT3,G214
WATDP5YZPM5BAKH7,LK13
WATDP5YZPV7AGAXK,KL00
WATDP5YZQPGFHU2A,LW02
WATDP5YZQZJ5Z3KY,A400
WATDP5YZRTGZEBSM,D201
WATDP5YZRTSYFFUJ,KQ07
WATDP5YZS4DPYGBM,D102
WATDP5YZSBJN36BS,B602
WATDP5YZSG77XPHW,JQ06
WATDP5YZT7FGTQKA,LK04
WATDP5YZTCJTNVQH,B400
WATDP5YZTFSBP6EZ,B600
WATDP5YZTG2CTEYU,LS07
WATDP5YZTHVTSTAM,A305
WATDP5YZTJYD569Y,B811
WATDP5YZTQGBNAFS,BE16
WATDP5YZTT8HC595,CV01
WATDP5YZTTDPARGP,LK05
WATDP5YZTTUTEWBF,LK00
WATDP5YZTUXKUDGB,HA02
WATDP5YZTWZNDXCE,GL10
WATDP5YZTZ8X4ZEG,CV05
WATDP5YZU8ZZFXXY,GL06
WATDP5YZUCBXHHUA,A501
WATDP5YZUJXAZFW8,LK02
WATDP5YZUSZFRQ9A,KO01
WATDP5YZUWHVZYSS,LJ01
WATDP5YZUYK96JZE,LS04
WATDP5YZVC32JHRP,HL02
WATDP5YZVRG3WFN5,H312
WATDP5YZVRSWF9QH,CT17
WATDP5YZVYNTU8GK,LJ05
WATDP5YZWBURYXXH,JX01
WATDP5YZWK6WFKTS,CS05
WATDP5YZWK9DJCHZ,C805
WATDP5YZWNS6DHET,LJ11
WATDP5YZWP5ZZTEK,BE09
WATDP5YZWTVKVSRA,D424
WATDP5YZWVE9GEAQ,BW02
WATDP5YZWY6KHAWE,D421
WATDP5YZXKE3N6KJ,E500
WATDP5YZXS3HF7UH,A304
WATDP5YZXSGQGCMF,LS05
WATDP5YZXXJRUWRX,BR04
WATDP5YZXYXRMZZS,D425
WATDP5YZYGAGMPHC,CK14
WATDP5YZYGFHJBYG,CT19
WATDP5YZYGHDPZKY,C901
WATDP5YZYGKJYSG4,D202
WATDP5YZYHJMJEVG,LX01
WATDP5YZYHYAQQYG,LX00
WATDP5YZYNFZE5HG,CS00
WATDP5YZYVCRZSZF,LK03
WATDP5YZYVY7XZCG,A045
WATDP5YZYX3MSGHM,KH12
WATDP5YZYZB8UZTH,CT14
WATDP5YZZ2BBUB9A,LJ19
WATDP5YZZ7QAG6FZ,A504
WATDP5YZZ84SP3Z2,B806
WATDP5YZZC8YBHXM,C807
WATDP5YZZDZGYSTA,B810
WATDP5YZZET5ZSDJ,B401
WATDP5YZZHH36FME,CT18
WATDP5YZZMDGMWWF,KQ03
WATDP5YZZPYA7VHE,GL15
WATDP5YZZQHDNFZE,D428
WATDP5YZZS34UYTW,A303
WATDP5YZZYNXSJ4U,CS03
WATDP5YZZZUFJGNC,C803
WATDP5YZZZZR5MZC,A503
WATDP75229FDBEZK,T2M499
WATDP7523K5FDUGW,T2M738
WATDP7524AU9ZYUY,01HG00
WATDP7524GMHF6BZ,H407
WATDP7524R9TQBAW,XO03
WATDP7524TPFEWT5,SS04
WATDP7524TZFAGXG,OX03
WATDP7525MHQ8M7X,T2N084
WATDP7525ZWW3PKP,MQ02
WATDP75266GXV4PX,MY04
WATDP7526HHEYH5H,UW07
WATDP7526U2BXSWD,RN03
WATDP7527HXJ6YCS,SS00
WATDP7528GF9UEH6,UW05
WATDP7528W7ZZTTC,H504
WATDP7529KKHV6DM,OH05
WATDP7529NVMJNJD,XS00
WATDP752AAAFEXEZ,08HL04
WATDP752AXJDE9AG,SS06
WATDP752AYFEHXHP,T49840
WATDP752B6RGS4BU,SO08
WATDP752BF5EVTGH,XW00
WATDP752BUGRBHQM,H505
WATDP752CBFWVEHQ,01HG02
WATDP752CFWV8JUH,XU03
WATDP752CYBYGF2S,E510
WATDP752DHFJVNNA,T2M490
WATDP752DVK4AJNA,NL10
WATDP752DZHWPWJF,T2M832
WATDP752E5HJPANZ,XT04
WATDP752EDCHXVGK,SJ01
WATDP752EHGHRQAH,T2M843
WATDP752EHTAYNHZ,T2M740
WATDP752ENGDZGBH,XT00
WATDP752EPGGNDJH,T2M510
WATDP752EXF8SPQ5,H506
WATDP752FTTT35BZ,SL14
WATDP752FWCZRPQZ,T49841
WATDP752FXKHMK2N,MR06
WATDP752FZFZUXJN,H700
WATDP752G4MGASMD,SL01
WATDP752G9ZZHHMC,NO03
WATDP752GBGAYUG5,OF08
WATDP752GHAHXVUD,G504
WATDP752GKEYSJZ2,RN08
WATDP752GNNK8JQ6,H800
WATDP752GRHKFWV4,XR06
WATDP752GTTS7JBG,OH03
WATDP752GWH6JT8T,G604
WATDP752HABSTXPT,XR07
WATDP752HS29BGQ2,T2E581
WATDP752HSSPGFYX,H803
WATDP752HV874EKB,SO02
WATDP752HYTHDZCC,SS09
WATDP752JCBB5TDZ,SJ00
WATDP752JHR35QST,SX01
WATDP752JJ9UHAJK,OX00
WATDP752JPZZ8EYH,OW01
WATDP752JQBXMSZB,XD04
WATDP752KFUHXXVP,T2M429
WATDP752KGFX3UHH,SJ02
WATDP752KTE9P6KZ,PR84
WATDP752MQH452RM,UW04
WATDP752MUXYTDEU,MR08
WATDP752MX3HUHM3,UV01
WATDP752N2TF3HF5,H604
WATDP752N3B8FSWP,T2N150
WATDP752NDHDJKHM,SL02
WATDP752NEGWP8AM,H703
WATDP752NPRYBHP9,OV05
WATDP752NSSQKGFW,MM05
WATDP752NUKVHSHK,XV03
WATDP752NZFEAFT4,OV03
WATDP752P8VVGWKD,E511
WATDP752PZZFZMGS,SS07
WATDP752Q3NZRZNZ,XR11
WATDP752QMNJ9HSB,NL17
WATDP752R2EHHFZ7,SJ03
WATDP752R4GXTJGZ,E508
WATDP752RBWQVZFU,UV04
WATDP752RETVVKMK,XD05
WATDP752RVAPWVT4,SO01
WATDP752SGHZWY6U,SS11
WATDP752SHKE7UGU,OX01
WATDP752SQVHURNV,T2M509
WATDP752STQTUQKA,T2J711
WATDP752SY52KCBH,XU05
WATDP752T8WYAGDW,NL15
WATDP752THYHUXBB,H705
WATDP752TWRZNF4M,03HL02
WATDP752TYSQZKDF,UL03
WATDP752U2WNJ8CB,MR00
WATDP752UDKEUNHN,SO00
WATDP752UGZZWBM9,XU13
WATDP752UZPYXNSV,XU09
WATDP752UZRXHGPG,H401
WATDP752VCNG28SF,MK06
WATDP752VQZGFTZ4,T2M494
WATDP752VS5EASNF,NO12
WATDP752VVXN44AC,NO07
WATDP752WEG4KF2Z,WR03
WATDP752WHMVSMFF,H404
WATDP752WTWHEWGV,WR01
WATDP752WZ6KTGDE,UV00
WATDP752WZNE7CJV,OV04
WATDP752XKNP78HR,NL14
WATDP752YD7F9MGY,SS01
WATDP752YRSUFRH3,NL13
WATDP752YV75QR3C,SO05
WATDP752ZDAGQNBY,NL16
WATDP752ZG28EDUF,SS02
WATDP752ZJZZPDHV,XU12
WATDP752ZYWUTTZC,H406
WATDP752ZZBGZTWE,XT02
WATDP752ZZZQBYNB,H706
WATDP7533P3F5RG7,T27881
WATDP7533VYZ6HZE,11HG01
WATDP75343WYYHAP,13HG01
WATDP75352EYYAYM,ES2505
WATDP7535AMUDUUT,ES2421
WATDP7535X3THUFY,JR9990
WATDP75362SY3SX3,TI000M20700
WATDP7536GWYRURZ,09HG01
WATDP7536TFVKTMW,H801
WATDP7536VVGZENJ,ES2296
WATDP7537XXBYBZF,CH2687
WATDP7539A82RUZS,ES1713
WATDP7539F9HREDR,03HL03
WATDP7539SSRHFHX,02HG01
WATDP753AJS2U88R,05HL03
WATDP753APSPR7EJ,15HL02
WATDP753AVG9SSQY,UV02
WATDP753AXFQVXHW,08HL00
WATDP753B9VEFUDW,CH2577
WATDP753BBGGWHZM,T2N154
WATDP753BGZHBQNZ,T27871
WATDP753BN4AH95Y,MH25
WATDP753C6TH3HJZ,11HG00
WATDP753CPVRBHXR,SZ01
WATDP753CR7VP7QY,FS4589
WATDP753CTY36ZFJ,CH2714
WATDP753CZGYPPAH,XY04
WATDP753DEUZK9CR,AM4193
WATDP753DWTPMJSZ,07HG02
WATDP753ENG9ZU7N,L504
WATDP753EV7ZERZN,BQ9373
WATDP753FDKGRKX4,A301
WATDP753FEACQX9E,BQ9303
WATDP753FF9Y74RM,15HG01
WATDP753FKCVSGXX,ES1859
WATDP753FWZD2SMY,BQ9401
WATDP753GBFSSYHV,I300
WATDP753GFRG8UP4,ES2675
WATDP753GFTPZZQM,D904
WATDP753GP5P9GCG,AM4192
WATDP753GRR5MQZM,ES2203
WATDP753GVHKXJYD,ES2270
WATDP753H5A93ASE,11HL02
WATDP753HCHSP2TN,AM4218
WATDP753HDKZBS9Z,Ambit Silver
WATDP753HDWUV3GJ,ME1089
WATDP753HF6ZQVJ7,ES2443
WATDP753HUQ7F89S,Elementam Terra N/Black Rubber
WATDP753HVHDRZ29,ES2444
WATDP753HYCZCA5N,T49745
WATDP753J3SXZHJX,ME1104
WATDP753J8GNVV7D,Core Anniversary Edition
WATDP753JFS2XHYZ,JR9121
WATDP753JXFX76FT,T2N944
WATDP753JYE8ADVY,T2M709
WATDP753K54UN99R,ES2787
WATDP753KA4EDYT8,02HG02
WATDP753KEB3FTNE,ME1079
WATDP753M6JKMHW9,AM4359
WATDP753MHQFHJCP,CH2674
WATDP753MQ3YTQ5M,04HL05
WATDP753MSVAUKHT,09HG03
WATDP753MZTXYZDH,CH2523
WATDP753NKYABB7S,XR09
WATDP753NRCGHMDP,N100
WATDP753PCDQHUDM,FS4632
WATDP753PTFPZTCB,CH2665
WATDP753QW36X4KG,CH2610
WATDP753QYVJTYYV,11HL01
WATDP753RAYMZKYJ,M2 Fuchsia
WATDP753RR5YFZFF,01HG03
WATDP753SB63ATJN,CH2686
WATDP753SHNYVEUF,M000
WATDP753T8ZE3JRM,01HG05
WATDP753TKDAG2H5,Ambit Black
WATDP753TXYG8TFQ,Suunto Elementum Terra N/Black Rubber
WATDP753UDCT8RQR,Core Alu Pure White
WATDP753UTC8WEPT,H900
WATDP753VHGEQFYD,XV04
WATDP753WBYFT4RJ,08HG03
WATDP753WCEUDMYM,TI000M20600
WATDP753WHDTYHS8,01HG04
WATDP753WSK9X2ZZ,AM4206
WATDP753WSYHHYQU,pr116-J-UO
WATDP753WVMBXDYW,02HG00
WATDP753XDEY3KUN,ME1107
WATDP753Z2HGPZFJ,Suunto Vector Orange
WATDP753ZBBFNZFC,H508
WATDP753ZSDWEYZY,H509
WATDP753ZUD8KRYF,JR9387
WATDP753ZXTCDAJR,T2N722
WATDP9829E539UPJ,11HL03
WATDP982BZ2BHKRG,15HG02
WATDP982T2BHRCY2,13HL00
WATDP982UZ8SBSQP,13HG00
WATDP9832FNGVHQR,15HL03
WATDP9834DEEJAPP,03HL05
WATDP9836Q37PNNF,13HL04
WATDP9837JYMF4VW,14HL00
WATDP983BUKGBNHA,M202
WATDP983EHCWX6RV,12HG03
WATDP983GZQ5TBFF,07HG00
WATDP983JUSNWQZH,08HG00
WATDP983NPWUTTGG,10HL03
WATDP983NZWJFAHW,02HG04
WATDP983UXBVCZBC,09HG02
WATDP983VR7HBNBU,11HG02
WATDP983WP5HRHBK,11HG03
WATDP983YGN2ST6E,12HG00
WATDP983ZYGGHF3U,Ambit Black (HR)
WATDP983ZZZUZHYP,17HL03
WATDPA2N9MYHPJDC,ES3352
WATDPA2NBWRZGZW2,CE1010
WATDPA2NEM2KJKFF,CH2876
WATDPA2NFYYM7YJ4,CH2879
WATDPA2NGDYFS7JG,ES3336
WATDPA2NMVF4FCYC,FS4829
WATDPA2NN3TDGWKK,ES3343
WATDPA2NN98NCKD3,FS4830
WATDPA2NN9HVZB3Y,CH2886
WATDPA2NNJMHB4DN,ES3318
WATDPA2NQEHHMZ7G,JR1444
WATDPA2NU8HV37EC,ES3196
WATDPA2NUYW9GJNE,CH2892
WATDPA2NX5GGZBHV,ES3317
WATDPA2NYDWQ3QXF,ES3314
WATDPFJGAZJ7XNG6,CH2708
WATDPFJGHPUKFH2T,L901
WATDPFJGK8MGFXMG,FS4541
WATDPFJGKNESJWGB,T45951
WATDPFJGSBNADQNK,T49627
WATDPFJGUC83FSSE,L506
WATDPFJGUCZ6WSYK,KL12
WATDPFJGVCGHWWTW,CE1002
WATDPFJGW9QSPNCJ,ES3190
WATDPFJGXY98GR2G,TI003HG0700
WATDPFJGZF3YDTRB,TI019HL0000
WATDPFJHG9WR2DUJ,10HG00
WATDPFJJ2EHQK9SA,TI015HL0500
WATDPFJJNTZNVPPA,TI015HL0400
WATDPMB44RCRFQDT,NR01
WATDPMB47NCAHCCA,JT12
WATDPMB4BDVT5TCA,UF00
WATDPMB4BXPSSGGG,T49803
WATDPMB4DJZZDE7A,T49618
WATDPMB4DVZVB2ZS,UW03
WATDPMB4EK2CHJHT,JS15
WATDPMB4FPFYFHVT,UF03
WATDPMB4H4T9E3DB,G701
WATDPMB4HMAHNK25,XZ08
WATDPMB4HZ369AZ4,UF01
WATDPMB4JEBJ92XE,NW11
WATDPMB4JHEDFRSV,T49760
WATDPMB4JUZZCJCQ,SY00
WATDPMB4JWRRTMG8,T49691
WATDPMB4MVKSPJHH,XE00
WATDPMB4NKSXEHQT,XY03
WATDPMB4QK3JFYZK,UF05
WATDPMB4RJ6JJ5S5,T2G781
WATDPMB4RJGJZPNJ,UF02
WATDPMB4SKGNQBZN,NR00
WATDPMB4SXNY76TF,PR102
WATDPMB4TJ6TYAZJ,XY01
WATDPMB4U9W9DR3D,PR95
WATDPMB4WATBSHG3,UF04
WATDPMB4WC52WVZE,XY02
WATDPMB4WZTRJ6XM,NW06
WATDPV5T36HRH7ME,CORE - Sahara Yellow
WATDPV5TNKYG3GCH,CORE - Regular Black
WATDPV5TZVPSERHY,X-LANDER
WATDPXF95YZHXFCE,T49933
WATDPXF9AWDBRK7H,T2P059
WATDPXF9BKH8PZUV,T5K692
WATDPXF9E4YPGUM9,T5K689
WATDPXF9EHFEACVD,TI000N80600
WATDPXF9GFNXSAKD,TI000N20600
WATDPXF9M3UQ82JV,TI000N20500
WATDPXF9MRCP9JYW,TI000N20400
WATDPXF9NUEQ3GDE,T5K693
WATDPXF9PK2PSZVG,T2P065
WATDPXF9QB8HWYFR,TI000N80400
WATDPXF9U6BN52X6,T2P043
WATDPXF9WSUJ2WTF,T2P020
WATDPXF9XKPQRYZH,T5K690
WATDPXF9YHEZBY3Q,TI000N80500
WATDPXF9YYBKQ4BA,T2P021
WATDPXF9ZRVBGBVD,TI000E70500
WATDQB6J5ZXHJGJE,GHII
WATDQB6JE96VBYUH,LC0I
WATDQB6JHHJY22X3,EK28
WATDQB6JHVXBZATQ,IE00
WATDQB6JRQBDBWVZ,LB03
WATDQB6JSKVTGTGP,VF05
WATDQB6JTMXYZHEF,EA65
WATDQB6JWAVEFCKS,TY02
WATDQB6JZG6G4X3R,C201
WATDQB6Y6F4MBTAQ,AM4337
WATDQB6YB2RNYJ4P,FS4273
WATDQB6YBGHAGFMY,CH2705
WATDQB6YFW68WC6Y,ES2306
WATDQB6YNCBHYUQQ,JR1137
WATDQB6YPGKKYZV4,FS4498
WATDQB6YQYBTMWZR,ES2449
WATDQB6YRDGFYYZJ,JR1136
WATDQB6YSZFHERCX,FS4474
WATDQB6YYTZGFFZN,FS4332
WATDQFW2AH3MERHV,TI000E70600
WATDQFW2HH9QHQBX,T49926
WATDQFW2VUZEMDZE,T49927
WATDQFW2XE3ZE3FS,T2P067
WATDQH32DDKS5HZU,11HG03
WATDQHD6766ZXYZW,ES3165
WATDQHD6DRYXHREH,FS4716
WATDQHD6GHUFBX7C,ES3173
WATDQHD6JHHWB3FE,ES3090
WATDQHD6N48NGFWE,ES3172
WATDQHD6UDNJUJ7P,ES3167
WATDQHD6X4EHMUEG,ES3168
WATDQHVF23R4ZHAF,CH2611
WATDQHVF3WGGFPDK,ES1211
WATDQHVFF6AUHGXG,ES2214
WATDQHVFG5FGGNCX,ES2985
WATDQHVFMKRWTMAN,CH2747
WATDQHVFP9GJRFWZ,ES2110
WATDQHVFRGX2YGQ2,AM4342
WATDQHVFTCFKHEDA,ES2186
WATDQHVFTJC22C5S,ES2033
WATDQHVFX6ZC7NTC,ES2479
WATDQHVPVVCHJHYQ,AM4282
WATDQHVPZX5NUJG8,JR9865
WATDQJUAHTD7VP6Y,CH2825
WATDQKWNMMVHQJYW,FS4844
WATDQKWNR7ZWFWHW,ES3405
WATDQKYF2HEFMTYZ,05hg00
WATDQKYF8NVB8SPC,03hg05
WATDQKYFBMZRTQYW,Pr154
WATDQKYFHGGERDHC,08hg01
WATDQKYFHTGDTWDZ,05hl00
WATDQKYFMPBPZYKS,Zr34
WATDQKYFNAK4WQGZ,07hg03
WATDQKYFQFYHGJPV,04hl00
WATDQKYFWQXWZSBQ,03hg02
WATDQKYFYJ5GYYGZ,05hg02
WATDQKYFZFDZKB5S,07hg01
WATDQQF5DWTWV8WE,T5K599
WATDQQF5FZEVAWEZ,T5K470
WATDQQF5NVKYPMNW,T5G941
WATDQQF5RZVGNYXF,T5K483
WATDQQF5RZVGNYXF,T5K483
WATDQQF5TAQKCBYF,T5K560
WATDQQF5WP4RDGJA,T5K486
WATDQQF5WZGYJB93,T5K562
WATDQRT2MDFEFRV3,JR1269
WATDR3SK9SUKCWNH,JR1418
WATDR3SKBUDPMN9X,JR1408
WATDR3SKHGZ9DMWS,JR1396
WATDR3SKP4MFYQXQ,FS4705
WATDR5FZ2FWG8VUS,BQ9408
WATDR5FZ3HSMHRGB,JR9643
WATDR5FZ5KWZTGKW,JR1234
WATDR5FZA6UMBBZQ,DE5004
WATDR5FZAKWTFCDK,CH2494
WATDR5FZCVHXHHTB,CH2493
WATDR5FZD8KPKX77,AM4340
WATDR5FZE57EZ995,FS2819
WATDR5FZFYTJQURA,AM3696
WATDR5FZQJQ7WGRH,AM4362
WATDR5FZQKBAUHHS,ME3020
WATDR5FZQTVZPUHW,ME1049
WATDR5FZRUZ8NJBM,CH2741
WATDR5FZSZS5TPN3,CE5009
WATDR5FZXTWCAVAT,CH2738
WATDR8GX2XVXJBPW,CH2873
WATDR8GX3FNWFHHY,ES3111
WATDR8GX4VGPHXZK,RN05
WATDR8GX4ZA3YNX9,TI022HG0100
WATDR8GX5H5ETWFF,MI06
WATDR8GX7DAXHRB7,TI017HG0100
WATDR8GX7UGK8KUY,ES3294
WATDR8GX7YHCETCE,TI000M70000
WATDR8GXAAWN9WFX,ES3261
WATDR8GXBD5S2Y7K,FS4806
WATDR8GXBQWFTJGQ,TI000F80600
WATDR8GXC7TGHGGH,TI022HG0200
WATDR8GXCENJ3QZY,T2N810
WATDR8GXCNTYRKPT,I902
WATDR8GXEH2SHQFE,ES3276
WATDR8GXEHYAZ7WJ,TI016HG0100
WATDR8GXF8T6DAFZ,AM4494
WATDR8GXFSXN4DQJ,TI000I20600
WATDR8GXFUTVTBPM,TI000O20200
WATDR8GXFYSF5ENF,TI000S40100
WATDR8GXG3QBPZCC,JR1156
WATDR8GXGUASGZJW,XO00
WATDR8GXH5BGPHJY,TI000Q20500
WATDR8GXHHZPF23Z,TI013HG0400
WATDR8GXHQFZRPUC,BG2144
WATDR8GXJGFYGTFZ,MI13
WATDR8GXJYQUKHBV,CE1036
WATDR8GXK2PW7SUD,ES3259
WATDR8GXNSJ2CHYS,JR1157
WATDR8GXNTBHSEG8,KU07
WATDR8GXPZG8YRDA,TI000I60700
WATDR8GXQGYYER4X,TI016HG0000
WATDR8GXRJDXUHVF,ES3281
WATDR8GXRWVXQDAH,JW14
WATDR8GXRYPH5FHF,FS4393
WATDR8GXTAQM3CEM,TI000P60100
WATDR8GXTGHDF8YB,TI000R30300
WATDR8GXTHMMDAWY,I704
WATDR8GXTYH2QZ89,TI000I60800
WATDR8GXUGEF8UQS,TI022HG0300
WATDR8GXVPRQWKNS,AM4305
WATDR8GXX2HZ2G6B,CH2872
WATDR8GXXDGG6PV4,EL02
WATDR8GXY92UZFY3,15HG03
WATDR8GXYFCB8DHH,T2N812
WATDR8GXYPEG97RT,JR1125
WATDR8GXYYVGU8GH,TI013HG0300
WATDR8GXYZEEFXHT,CE5002
WATDR8GXZADB85GG,ES3132
WATDR8GXZK2XH2HE,I802
WATDR8GXZRSHZFFG,ES3244
WATDR8GXZVG8PSE4,T2N943
WATDRCHBAKZ42HJV,WIO4
WATDRCHBARJR9BAY,H304
WATDRCHBCFYEP5PJ,VX06
WATDRCHBGFH8NHSF,FX00
WATDRCHBJDH8V5AN,BG00
WATDRCHBJRNDMHYZ,W003
WATDRCHBNCZ3TFTE,BG07
WATDRCHBPDMQNHVH,BS05
WATDRCHBR8RHRGGZ,BF03
WATDRCHBRFHSVUMY,F00I
WATDRCHBSVKV9BTG,HB01
WATDRCHBUG6UZ2BV,BT03
WATDRCHBVJMHGHW4,GH17
WATDRCHBYFEABGJ8,PA05
WATDRCHBYGGZTCPC,WT06
WATDRCHC4U7ASCGC,T2N250
WATDRCHC67RFEJF8,T2N515
WATDRCHC8BKYZMWK,TI000N30100
WATDRCHC8QJG2ZQV,TI000R20000
WATDRCHCAGCH7GYP,TI000R40900
WATDRCHCAHJH4XRH,TI000Q20400
WATDRCHCAMDQKEJG,TI000R40100
WATDRCHCC7CHN2XY,TI000T10300
WATDRCHCCCPGWMBB,TI000T10100
WATDRCHCCDWS86QY,TI000T10000
WATDRCHCD3NEGVFQ,TI000T10400
WATDRCHCDABX86FM,TI000Q60000
WATDRCHCDNBSGFF5,NW16
WATDRCHCDNZNNMWZ,TI000S40300
WATDRCHCDSZMJHGV,TI000M90200
WATDRCHCDUZFF4FE,TI000N20200
WATDRCHCED3TKZ3J,TI000O20600
WATDRCHCGKKFRHS6,TI000N20300
WATDRCHCGWUKVT5M,T2N114
WATDRCHCH66ZD3MS,TI000LY0800
WATDRCHCHMFJMZVY,TI000I20700
WATDRCHCHYHGASHR,T42351
WATDRCHCJTHRBAUN,CT06
WATDRCHCKUR4EAYR,TI000R40000
WATDRCHCMGZWHZE3,KW04
WATDRCHCNMDQSXHG,TI000R10200
WATDRCHCQ8KBHFRA,T5K355
WATDRCHCQACGUXCN,T5K362
WATDRCHCR39KRMWZ,TI000L20400
WATDRCHCSYPQF2T5,K-600
WATDRCHCSYYAZYAH,ET10
WATDRCHCTHGPSBFM,T5K363
WATDRCHCUFZHWJH7,TI000R40400
WATDRCHCUYWV7GB5,T2N113
WATDRCHCV632QGPR,TI000T10200
WATDRCHCWGMPAZ5N,PR83
WATDRCHCWJTDAFTA,KW01
WATDRCHCXGPMTJA6,TI000T10500
WATDRCHCXPPR7KKG,G909
WATDRCHCZFHCQRHP,TI000N80200
WATDRCHDAKFAJNVY,TI000T20000
WATDRCHDBFDVDBPK,PR132
WATDRCHDCX4SUSRW,TI000T70000
WATDRCHDEPUKHM57,TI000T20400
WATDRCHDGKCUEX4F,TI000T20300
WATDRCHDH4GZSKSM,TI000R50100
WATDRCHDKDEHR9KW,CV06
WATDRCHDMERYTZPN,TI000T70300
WATDRCHDVFGZKYTN,TI000R50200
WATDRCNFHFFR425D,ES3437
WATDRCXE2MBNZ4RN,I500
WATDRCXE2MZWBRWJ,G908
WATDRCXE485SHAK9,I503
WATDRCXE6CHGBNT6,D910
WATDRCXE8XGPUZC9,T2M809
WATDRCXE9UWB5BKU,T2M431
WATDRCXEAGFAAZHX,K900
WATDRCXEAURJXCZR,TI000P50000
WATDRCXECBKDXGGB,K703
WATDRCXECRWCKCEY,TI000T50200
WATDRCXEFZHYBAHT,DV15
WATDRCXEH3VRHGGE,TI000O20400
WATDRCXEHMF7JZDG,TI000T50000
WATDRCXEHUHVSE4P,M200
WATDRCXEQTDXTVCK,K500
WATDRCXETMMSWNZ7,TI000T30000
WATDRCXETVRGGUYG,T2M706
WATDRCXEVJRUAHEB,CR2025
WATDRCXEYXUXS3GT,TI000R20200
WATDRCXEZ24YXZGB,TI000Q50200
WATDRCXEZ5BGVAWS,XO07
WATDRCXEZRGXJHX4,J301
WATDRCXFDBSEWVF6,G902
WATDRCXFGXJJMFNQ,K206
WATDRCXGHXJMWUUJ,TI000T30200
WATDRDZ92DUWSQF7,TI000T20800
WATDRDZ995FFHGPS,TI000T11100
WATDRDZ9BGMFPUHT,TI000T20600
WATDRDZ9DPAXVJRG,TI000T21200
WATDRDZ9FNGQBSCZ,TI000R41700
WATDRDZ9SGEUYHZA,TI000T10700
WATDRDZ9UN8MX4XZ,TI000T11300
WATDRDZ9ZD965JWM,TI000T21300
WATDRDZ9ZHAZFPZA,TI000R41000
WATDRDZ9ZVWSTZ6Z,TI000T20900
WATDRES45AKCKZYM,BQ1060
WATDRES45EAK8Y9B,ES3202
WATDRES45ZCAPTFA,FS4865
WATDRES47NANM4YY,BQ1074
WATDRES48G2SDEDZ,ME1132
WATDRES4ABMZ9HTZ,ES3412
WATDRES4ATKVBJFM,BQ1054
WATDRES4CD9HAXBN,BQ1061
WATDRES4DFYHUYF9,ES3409
WATDRES4DMKUKJKQ,ES3410
WATDRES4DQCNMGZB,ME1130
WATDRES4DZ5FKSSB,BQ1115
WATDRES4EG2MBVYU,BQ1017
WATDRES4EZFNZVXP,FS4786
WATDRES4F6GWWJXS,CH2869
WATDRES4GTFWWD5F,BQ1058
WATDRES4GYHGAHYP,BQ1024
WATDRES4H92RVPWA,BQ1018
WATDRES4HTYB4YMR,BQ1117
WATDRES4J75RY6RQ,BQ1025
WATDRES4JJSFKTXR,AM4510
WATDRES4KFK4VEGM,AM4466
WATDRES4KGFMHDVH,ES3270
WATDRES4KMZJGVCN,BQ1059
WATDRES4NPFAZXQJ,ES3030
WATDRES4PDK9YGCF,AM4514
WATDRES4PYWVNFWQ,BQ1057
WATDRES4SMGZZKUH,ES3424
WATDRES4SRJWGTNY,BQ1053
WATDRES4TKYZBYQS,ES3392
WATDRES4TWFHKWFR,BQ1070
WATDRES4TYDDGV2K,ES3413
WATDRES4UMEKMWCZ,BQ1042
WATDRES4WBUCNFSZ,BQ1114
WATDRES4WSXAJP9B,ES3391
WATDRES4WZWMVGT8,BQ1023
WATDRES4X8SYBXDX,ME1133
WATDRES4XRY7NX3Z,BQ1022
WATDRES4Y3ZZHPFX,BQ1056
WATDRES4YUDTGWDK,BQ1113
WATDRES4ZNCVTZXP,AM4487
WATDRFPEJT4GH5UB,ZQ90
WATDRG59GKQHZ2Z8,CH2894
WATDRG59GQMCZFGD,ES3433
WATDRG59HCGXSGV6,ES3416
WATDRG59HSAHZYH2,ES3434
WATDRG59WRVZYU4N,ES3435
WATDRG59ZNWG9FZB,ES3417
WATDRNZC4TJD9XXU,TI000Q40200
WATDRUP63DE5W7YE,ES2818
WATDRUP6DDZJUFBF,ES2519
WATDRUP6NP5H5248,CH2623
WATDRUP6QBT5G2VM,AM4341
WATDRUP6S5ND5X8C,CE1034
WATDRUP6ZD5TGP5P,FS4840
WATDRVRW8JAFURMK,T5K753
WATDRVRWCPHSYTVM,T40941
WATDRVRWHZ9GKZMY,T2H331
WATDRVRWSTKEP6HG,T47012
WATDRVRWUVX8UZCK,T5E961
WATDRVRWV6TYJEMC,T2P005
WATDRZFG7QBJH5QF,T2H311
WATDRZFG8HEF4T24,T2P170
WATDRZFGDKPMANMS,T27191
WATDRZFGENCSYRYY,T2P007
WATDRZFGFPCGR36D,T2P044
WATDRZFGGDGM3XW7,T5K636
WATDRZFGH3FSP9F2,T2P183
WATDRZFGHAB5SGDF,T5E231
WATDRZFGHBN4GF2Y,T2H451
WATDRZFGHBRFPEXH,T2N827
WATDRZFGJ5ZF53T3,T26481
WATDRZFGNHDUEJ6F,T2P148
WATDRZFGPM5HYJYV,T2N534
WATDRZFGQZ5MHCNC,T2P132
WATDRZFGQZMPV9ZW,T49950
WATDRZFGRYU3FZHY,T77511
WATDRZFGUB4CYUJM,T49903
WATDRZFGWTQGYYNX,T2N799
WATDRZFGXGHRG4J5,T2N533
WATDRZFGZDJUFR3Y,T2N826
WATDRZFGZRMGZBNJ,T2N978
WATDRZFGZSKCZZQS,T49828
WATDRZXB9R55UXUX,AM4404
WATDRZXBUCN6KYHG,ES3447
WATDS3BH4S7NZZRY,FS4841
WATDS3BHHVBNXK6S,AM4483
WATDS8RYNCZXJGHE,T49791
WATDSBBH5H2HGUUK,ES2947
WATDSBBH8R7EBUMA,CH2711
WATDSBBHA78WPWZH,TI000R40500
WATDSBBHA9WKHN8Z,D601
WATDSBBHCBTDXME4,ES2903
WATDSBBHDZK9N5SU,AM4281
WATDSBBHF9F3WVCG,TI000Q60200
WATDSBBHFNRWPWHM,TI000K40500
WATDSBBHHJNGZSMZ,CK04
WATDSBBHHVY7ZHAS,ES2107
WATDSBBHKGKHZPFP,CH2777
WATDSBBHNCPQNVXH,CH2706
WATDSBBHP9YVGTKG,CH2745
WATDSBBHPJMCBHZR,ES3068
WATDSBBHSVN7MGKX,SI2008
WATDSBBHSY2RTNPA,CH2746
WATDSBBHTSZ7EZYY,ES1992
WATDSBBHVY9QRJP4,CH2579
WATDSGYZ8BZFSUZC,I301
WATDSGYZACXHDZFZ,PR146
WATDSGYZE4S87AHQ,TI000R60100
WATDSGYZECHYZ7AM,NO05
WATDSGYZGQ2GRGFG,CV09
WATDSGYZHGTG8US4,TI000Q40100
WATDSGYZHGVGZAG3,K802
WATDSGYZHHG4QZRJ,TI000S80000
WATDSGYZHJNFKZZQ,TI000S80300
WATDSGYZJERGGY4R,TI000S80100
WATDSGYZMR3Y6FAY,TI000M20800
WATDSGYZQFHZAGYP,TI000S90200
WATDSGYZRCD6Z6GG,K300
WATDSGYZRGYP9MYV,CT08
WATDSGYZRZZGD4GQ,H710
WATDSGYZSSHJAY9F,TI000S80200
WATDSGYZV3DZ6GT4,TI000T30100
WATDSGYZVX849FPZ,I501
WATDSGYZWBJDZAGW,PR126
WATDSGYZY97HAHPG,TI000R40700
WATDSHTF8U5W3DY6,T5K579
WATDSHTFBPWYZY9P,T2N699
WATDSHTFBZBGAHCJ,TI000I20500
WATDSHTFEPKZKDRD,TI000I60500
WATDSHTFER7KYJXH,I401
WATDSHTFFQKTH3NH,T49706
WATDSHTFFUWZWFHQ,T5K642
WATDSHTFGGHBMR8V,T2N231
WATDSHTFGRFCV5DV,TI000Q30000
WATDSHTFGZRSGEG6,T5K580
WATDSHTFHYHAGHKZ,T5K367
WATDSHTFJCXGZMZ5,T49747
WATDSHTFJH5YXCVD,T5K366
WATDSHTFJXTUEVGQ,D602
WATDSHTFKDHQJEDR,I506
WATDSHTFN9BHYBUZ,T5K609
WATDSHTFNNPHGJNS,H902
WATDSHTFPDZ5PH4K,I400
WATDSHTFQQYWEHXQ,T49271
WATDSHTFRN9ZAKZT,T5K365
WATDSHTFSSUPWZBV,T5K423
WATDSHTFTCQEGAMR,T2N958
WATDSHTFTPCVWRWZ,T2N740
WATDSHTFVWSVHRTY,T2N738
WATDSHTFWG2TFMUN,TI000K21300
WATDSHTFWGGGSGGG,T5K503
WATDSHTFWK2RUGCF,H901
WATDSHTFXYNVFKWE,T5K643
WATDSHTFYGHGAEKE,M203
WATDSHTFZK5YG3ZD,T2M438
WATDSHTFZUGAFJVY,T5K369
WATDSJ5CNHPZVGKC,AM4509
WATDSNM93MS7NMR6,TI000S90000
WATDSNM95D8H9K7J,NX05
WATDSNM9B4377ZDG,FS4069
WATDSNM9WWUZENFY,PR33
WATDSPNYDZGXGSDW,O401
WATDSQNHNXWBFSWH,FS4866
WATDSRZDYTHMJWTU,SI03
WATDSW69AG3GTGCH,ES3503
WATDSW69SZHYZMV6,CT07
WATDSW69UTWZYAWY,AM4515
WATDSWG85HA26FVR,ME-1129
WATDSWG87RGNK3DZ,FS-4819
WATDSWG88FGCRUMY,CH-2895
WATDSWG8EASHNQQZ,AM4498
WATDSWG8FMHVBHFQ,CE-1478
WATDSWG8FWFDMKDA,AM4508
WATDSWG8GGTCCFQU,AM4497
WATDSWG8HBS4T8MT,AM4507
WATDSWG8HCHR3MVM,ME-1122
WATDSWG8HH5CG44G,JR-1456
WATDSWG8MC5S5QVY,FS-4846
WATDSWG8P2EZSASM,FS-4821
WATDSWG8PM976NMJ,FS-4862
WATDSWG8PRA5E82Y,ES-3293
WATDSWG8Q3ZXTMHU,CH-2874
WATDSWG8R8SPMEHS,CH-2856
WATDSWG8TFNMWH6H,JR-1431
WATDSWG8TXZXW45K,FS-4856
WATDSWG8UBKM3HAP,AM4482
WATDSWG8UQNNQ3JH,AM4517
WATDSWG8WGGXFKEA,FS-4848
WATDSWG8XW4MXGSK,FS-4849
WATDSWG8YJRXSHHZ,FS-4843
WATDSWG8ZBFWGB8C,CH-2850
WATDSWG8ZEF8PKPB,FS-4814
WATDSWG8ZJGSUFNP,CH-2851
WATDSWG8ZQSG6XUC,AM-4511
WATDSWG8ZUSTCHN9,AM4481
WATDSY4C3FEFDVXP,T40-011
WATDSY4CH3GVWHYD,T25771
WATDSY4CM3JSZCSK,T5K413
WATDSY4CPFNC5FDT,T18581
WATDSY4CZNTZDY93,T49944
WATDSYH23JAYNMQ9,ES2683
WATDSYH23KYBRA3H,CH2830
WATDSYH26GMFAPY9,ES3383
WATDSYH28CJVKHJF,ES3381
WATDSYH29FQMQV4B,ES3382
WATDSYH29ZENKHZK,ES3326
WATDSYH2CDEWWAF6,ES3363
WATDSYH2DJ7JHQBK,ES3106
WATDSYH2DRV8DDQY,ES3330
WATDSYH2EMAWKTDZ,ES3380
WATDSYH2G7AYRJH2,ES3411
WATDSYH2GB2GGTUB,ES3346
WATDSYH2GFCZWXYQ,ES3414
WATDSYH2HCCZNZFX,ES3102
WATDSYH2J5H3ETPS,ES3350
WATDSYH2KXG5XBGZ,ES3393
WATDSYH2MWGFXNPV,FS4818
WATDSYH2MYXTQXX4,ES3388
WATDSYH2PZY5BXV4,ES3451
WATDSYH2QZT49P5W,ES3378
WATDSYH2SNW9MHGK,ES3506
WATDSYH2UDQSPZCT,FS4858
WATDSYH2V53CTNNG,ME3038
WATDSYH2XCXCAWTW,FS4795
WATDSYH2XVKECD9F,ES3353
WATDSYH2YS3NKHJY,ES3101
WATDSYH2ZPZNCFDV,ES3354
WATDSYH2ZSDZAZHP,CE1078
WATDSYH2ZTNMPZPF,JR1457
WATDT3UU4TK8Z6V3,ES3345
WATDT3UUAZZGTTCH,ES3347
WATDT4FV6J3SWBX5,TI000Q80500
WATDT4FVNNCCMGAG,TI000T50300
WATDT4FVQSHYYQDZ,TI000T20100
WATDTAKY3DFAXSDE,JR1448
WATDTAKYFAT3GTYY,FS4854
WATDTAKYK3UJ3356,ES3504
WATDTAKYWTTFVD87,AM4543
WATDTAKYXTK4HNHU,JR1450
WATDTD6YECHAPFCH,TI000R50300
WATDTD6YHE7NKHFY,TI000Q50000
WATDTDZR9Z48PYXF,TI000V20100
WATDTDZRGBUK9PAM,TI000V20300
WATDTDZRTDKYNMRA,TI000V20200
WATDTDZRXJTDJPHA,TI000V20000
WATDTFS85DQUQ3EH,TI000U60100
WATDTFS86MZ2VZHY,TI000U70000
WATDTFS8FJGNNZMF,TI000U70200
WATDTFS8PJTXHUF5,TI000U70100
WATDTFS8RGZQUUSH,TI000U60300
WATDTFS8UYECXKQK,TI000U70300
WATDTFS8V9NZY2HE,TI000V10000
WATDTFS8XYFUHGWD,TI000U60200
WATDTFS8ZXWNRZRT,TI000U60000
WATDTGGJYHXQGQZX,SUUNTO M5 BLACK/LIME
WATDTHRC2ADHX4YG,M302
WATDTHRC2JZVFYJU,K504
WATDTHRC3WQBMXSD,TI000R30200
WATDTHRC48GHASHZ,T49865
WATDTHRC4XRKNYVG,L505
WATDTHRC66Z8UD2P,TI000Q80200
WATDTHRC7BZXHEGZ,TI000K40600
WATDTHRC7TZCA9B6,TI000F90900
WATDTHRC7YG25YQG,TI000F90400
WATDTHRC8STZMCNU,M301
WATDTHRC8VRPDHK2,TI000U30300
WATDTHRC8ZTSABZ2,TI000R60000
WATDTHRC92RWGHN5,TI000K40400
WATDTHRC95KQZ8QT,TI000T20500
WATDTHRC9DEYGYSY,TI000S90100
WATDTHRC9FQSQPEA,TI000N20100
WATDTHRCBCEFUD9S,TI00PR18300
WATDTHRCBCG9ZDEY,TI000I60600
WATDTHRCBJK6SZ2S,TI000R20400
WATDTHRCBWDKJUVH,TI000Q80400
WATDTHRCBZBXU5NA,TI000T50100
WATDTHRCBZHCZUEU,TI000M20500
WATDTHRCCHFSYBNZ,TI000N90100
WATDTHRCCWZXEACK,ES3217
WATDTHRCCX5CUP9W,K403
WATDTHRCCZSURFGC,TI000N90000
WATDTHRCDCHCKUW9,TI000Q50100
WATDTHRCDCTFEZGZ,TI000M70300
WATDTHRCDGAESRSB,TI000T70100
WATDTHRCDHBXYJW3,TI00PR18100
WATDTHRCDTWCNTQ3,TI000R20300
WATDTHRCE7EF85WS,T2N610
WATDTHRCEBGJSXZZ,TI000K10500
WATDTHRCEWVSYBGX,ES3333
WATDTHRCFAGWD9TZ,TI000Q50300
WATDTHRCFAH4HDDP,TI000T70200
WATDTHRCFDZH7GBT,TI000R10300
WATDTHRCFEZSABX6,TI000Q40300
WATDTHRCFQPDHH9F,J500
WATDTHRCGEJZV8FR,BU14
WATDTHRCGFZFV28H,T5K542
WATDTHRCGGZBJKHT,TI000G70900
WATDTHRCGSY92HX3,TI00PR17800
WATDTHRCGVSM7GZB,TI00PR18200
WATDTHRCH9VSZYKE,K302
WATDTHRCHFDWMRXK,TI000U30200
WATDTHRCHJU4SKNS,TI000O80400
WATDTHRCHKRY5CAS,T2N809
WATDTHRCHVGRPTZX,L900
WATDTHRCHWFSGAM4,TI000T60000
WATDTHRCJECFHPJP,K402
WATDTHRCJHEVAZBH,TI000G71000
WATDTHRCJQMVRX2J,D908
WATDTHRCKAHSQUHX,TI00PR18400
WATDTHRCKHVZW8CB,ES3334
WATDTHRCKZUREZCU,TI000Q60100
WATDTHRCNHSFQR96,TI000S40000
WATDTHRCNKJ6HHZR,T5K581
WATDTHRCNQBVVJVQ,TI000O90400
WATDTHRCPFY7FQNN,TI000R60200
WATDTHRCPGMAFMY2,M300
WATDTHRCPPGVFUUG,TI00PR17700
WATDTHRCQGHVZB6H,TI000N10300
WATDTHRCQQ3EHANY,TI000LY0700
WATDTHRCQRFKBKWJ,TI000Q80100
WATDTHRCR8KSZBAA,TI00PR17600
WATDTHRCRB6YCHFE,TI000Q80000
WATDTHRCRGZMHN4A,TI000P40400
WATDTHRCRTTUWX7C,Ls 3
WATDTHRCRYGYZBXY,TI000O80500
WATDTHRCRYZ57XH7,TI000Q20600
WATDTHRCSKMSZGRN,K301
WATDTHRCTNNTNX42,TI000Q70500
WATDTHRCTUVTNCNP,TI000U30100
WATDTHRCU6PQZ73R,TI000U30000
WATDTHRCUBMAQ6KC,TI000R60300
WATDTHRCUESNDSHJ,TI000S40200
WATDTHRCUR34RYVS,ES3335
WATDTHRCVMPXZPZR,TI000T60200
WATDTHRCVMYKZNNA,K401
WATDTHRCW8ZYZ5ND,TI000O90300
WATDTHRCWX8YKGNS,J501
WATDTHRCX2ZHRGSZ,TI000P60200
WATDTHRCX383FJE8,K102
WATDTHRCXAT57A9P,TI00PR17500
WATDTHRCXGAKSAHJ,I402
WATDTHRCXGYXHYZ6,K800
WATDTHRCXSX5JHDD,TI000G71100
WATDTHRCXZQDBSGV,CV12
WATDTHRCYBYNXHX5,TI000N80000
WATDTHRCYF5GGD2W,TI000I60400
WATDTHRCYFYTHZYH,K502
WATDTHRCZ9UEHX9T,L507
WATDTHRCZMEJ7CED,TI000O80600
WATDTHRCZRHZJATQ,D909
WATDTJJX9B3C7FHV,Jr-1447
WATDTJJXDZUZHHKJ,FS-4847
WATDTJJXHUPJJF3R,Jr-1446
WATDTJJXMEPH2XMB,ES-3204
WATDTJJXQ3ZFNMRY,FS-4827
WATDTJJXSG9ZWSKF,ME-3043
WATDTJJXZZZWXSNU,ES-3020
WATDTKMVFFPQQD64,T49744
WATDTKMVFKZBUHM3,T2N233
WATDTKMVGGBNBNTW,ES3385
WATDTKMVNPFN9KAP,T49769
WATDTKMVQ8PUBCRS,T2M761
WATDTKMVU2QAMZAH,T2N158
WATDTKMVVGSP2WHG,ES3470
WATDTKXY6EAUXY9X,ES2582
WATDTKXYEGNAEP3S,CH2464
WATDTKXYZYH6XQFW,AM4237
WATDTRJMG5DWFMZF,BQ9327
WATDTRJMVXZWESGJ,CH2557
WATDTRJMYQWGYXTD,CH2498
WATDTXXF2D3SGEMV,TI018HG0000
WATDTXXF2UVWG4EG,K902
WATDTXXF2ZGXQAVF,D502
WATDTXXF3AGJYRZD,J206
WATDTXXF3XJ9DE2Z,G708
WATDTXXF4G8MD43S,TI000P40100
WATDTXXF5CZRPZGC,MI14
WATDTXXFBCGBEVGH,DV11
WATDTXXFBZM6XST6,UW00
WATDTXXFCMNHFZ5M,TI000R50000
WATDTXXFCXECXETP,TI000Q90100
WATDTXXFCZKNYVH3,12HL02
WATDTXXFEDBTRWFF,ET08
WATDTXXFF79XRHGZ,M100
WATDTXXFF9UGCRBT,XO05
WATDTXXFFGQX9692,TI027HL0300
WATDTXXFFJFCSNK7,H809
WATDTXXFFYPWFWRG,TI000O90100
WATDTXXFGFQJKAZG,XO08
WATDTXXFH6JWZQ7W,G707
WATDTXXFHMZGBFGG,K801
WATDTXXFHNEKZ2JR,TI019HG0200
WATDTXXFHNX9FJN8,TI000E31700
WATDTXXFHYM4EQYT,I903
WATDTXXFJTZYZD2M,D702
WATDTXXFKJDPNXQW,J201
WATDTXXFKY2JEZTG,I603
WATDTXXFKZG97YRD,UW01
WATDTXXFMAWWSS29,BU19
WATDTXXFP3SZRGBN,TI000E31800
WATDTXXFRPFZKGCC,12HL03
WATDTXXFSFK6GJ6Q,13HG01
WATDTXXFTDTHSMJS,TI022HG0000
WATDTXXFTV8B9HTZ,MI10
WATDTXXFUYHYKMZJ,02HG05
WATDTXXFVA3ANAKM,TI019HG0300
WATDTXXFWCSZEUPE,JI00
WATDTXXFWE2B6NZU,BU21
WATDTXXFXAZGMJ3Q,12HG01
WATDTXXFYGYETYYK,T45441
WATDTXXFYWEJ6PAC,11HG03
WATDTXXFYZSWKUFT,T2N157
WATDTXXFZQUBZHGH,TI000Q70000
WATDTXXFZWYGCGVJ,TI019HG0000
WATDTXXFZZVFUAUF,D700
WATDTYYSBEMW9G6J,T2P031
WATDTYYSCRRAT2TZ,TI000F90600
WATDTYYSFDWXNHAB,TI000N20000
WATDTYYSTNSPR6ZU,TI000Q70400
WATDTYYSUG6UZKGK,H808
WATDTYYSZFHHCD6M,G911
WATDTYYSZK9NEUYH,T2P058
WATDU4TW7Q4BY3QZ,T49281
WATDU4TW8J6XDZDQ,CW11
WATDU4TWA5PGDHPU,O700
WATDU4TWDHX2V84N,M901
WATDU4TWDRJHUNG6,M701
WATDU4TWDZZZDHDZ,G702
WATDU4TWGDDH3RSQ,T49822
WATDU4TWKFVFNZRF,KU06
WATDU4TWKGUZFGBC,G904
WATDU4TWPHGMC5QN,N902
WATDU4TWQQ8PRMAX,J204
WATDU4TWSFQGB6AG,HA00
WATDU4TWURVFKDHZ,T2M803
WATDU6F42SCBXUJS,CH2752
WATDU6F43Y3ZVEPF,BQ9406
WATDU6F458ZG7JC8,ME1005
WATDU6F48UYZGG9H,FS4717
WATDU6F4F4YG4NX7,TI00PR17300
WATDU6F4HZNC6FAA,TI00PR16600
WATDU6F4JPGJHDBF,CH2560
WATDU6F4KYT7FC3H,CH2507
WATDU6F4KZWHNW2M,TI018HG0100
WATDU6F4NFCVGUYN,JR1223
WATDU6F4Q6PQAXGZ,ES2652
WATDU6F4URT3NQ5J,BQ9400
WATDU6F4WUTVGZHJ,ME1027
WATDU6F4ZJFAP7HH,ME1013
WATDU8F93MTJKDNZ,T2N723
WATDU8F9ABF4GF5F,TI000R10000
WATDU8F9DG6JHV4W,TI000L20200
WATDU8F9GMWMXYTP,TI000L20300
WATDU8F9KYZNX5TG,TI000R10100
WATDU8F9MC5VFVB5,TI000P40200
WATDU8F9QVYPYUN7,TI000Q30200
WATDU8F9WKSESAUQ,TI000P40000
WATDU8F9Y5VCZMCG,TI000O90000
WATDUEZG9GZKYQ8X,JV00
WATDUEZGCHFYQUVG,C707
WATDUEZGD7QRWE2K,T2N232
WATDUEZGDW3ZVFZ5,EF04
WATDUEZGJB9ZGGFT,NW04
WATDUEZGNU6ZXCNH,C702
WATDUEZGRSEP5XYJ,BU13
WATDUEZGSWQSZHRW,EI01
WATDUEZGTDJ7YFZP,T42331
WATDUEZGTGKV6CXK,D600
WATDUEZGUDEYHQHZ,C706
WATDUEZGUP2D8HDD,EF02
WATDUEZGUTM54SUC,T2N290
WATDUEZGVG78RJGG,C704
WATDUEZGVKXG6VFM,UW02
WATDUEZGWSM2U26C,T2M930
WATDUEZGYNSHK4GA,T2M704
WATDUEZGYR6ZQWBJ,EF05
WATDUEZGZ3JWZSWJ,C701
WATDUEZGZHJXZFEY,T2M436
WATDUEZGZUZZ3EJF,T2N293
WATDUFPNAPDJXEMB,T49938
WATDUFPNDGZ8YGWC,K304
WATDUFPNSTGYHBYW,TI000K21200
WATDUFPNVRPZNNPY,TI000K10700
WATDUVCK3EWVRH2Q,AM4512
WATDUVCK5HZZG3SX,ES3487
WATDUVCK5QXRZPWF,CE1017
WATDUVCK6GBW6HEF,AM4529
WATDUVCK8HAARBY3,FS4902
WATDUVCK9YSGGZZD,ES3101
WATDUVCKDC277JVZ,JR1157
WATDUVCKDHUEQRVV,ES3468
WATDUVCKE9VJRGDT,FS4873
WATDUVCKFZF4WDK4,ES2787
WATDUVCKH8SZHYFK,ES3505
WATDUVCKKN5G5PEZ,ES2409
WATDUVCKM5FDKTHC,FS4877
WATDUVCKM8AZR8HF,ES3262
WATDUVCKPKQTGZMZ,ES3215
WATDUVCKQAZXKEB5,FS4906
WATDUVCKQSU9FJGK,AM4481
WATDUVCKRKPQZGFX,FS4872
WATDUVCKRPH3ZSD4,FS4905
WATDUVCKS2GZNUFG,ES3350
WATDUVCKSKGPSEZM,FS4907
WATDUVCKTYRFQEZX,ES3467
WATDUVCKUH6KGAPW,ES2189
WATDUVCKURCBNYNM,AM4532
WATDUVCKXGHYHTXY,JR1456
WATDUVCKXPJH3GRG,FS4887
WATDUY662JTNUQFW,TI000V30000
WATDUY666QXADQRG,T2P232
WATDUY666YP8GGNM,TI000V30100
WATDUY668JWB9ZUQ,TI000V90200
WATDUY669G8YU5WB,TI000V60000
WATDUY66BWBBUXYH,TI000V30200
WATDUY66CCGUF9NS,TI000V40000
WATDUY66CR5BJAGW,TI000V60300
WATDUY66F6EPVBGD,TI000V80000
WATDUY66FQX2MRNK,TI000V90000
WATDUY66G6CZDYG5,TI000V40100
WATDUY66HN6VMQ52,T2P278
WATDUY66HNBADNQ5,TI000V70200
WATDUY66JQZKDNF7,TI000V80100
WATDUY66KHV4GXEZ,T2P280
WATDUY66MAZGMXDQ,TI000V70000
WATDUY66PXPAXUAA,TI000V90300
WATDUY66Q43HDSXS,TI000V70300
WATDUY66TM523DFG,TI000V90100
WATDUY66USC5EZQJ,T2P230
WATDUY66VNAUDNQE,TI000V60100
WATDUY66XMYGX5R7,TI000V70100
WATDUY66Z3DMPNGB,TI000V60200
WATDUY66ZTG6C64D,TI000V80300
WATDV45GRG5RSAVG,ES3355
WATDV45GSTJZGTGK,ES3353
WATDV7HFBRS33CX6,T2P280
WATDV7HFCTW7DGZV,T2P278
WATDV7HJHKXGGZ3H,TI000N80500
WATDV7HJMH7AXTFQ,TI000T40300
WATDV7HJPN88BPDG,TI000O70200
WATDV7HJRUWG9NBY,TI000M70300
WATDV7HJXACGZPUE,TI000O90300
WATDV7HJXM2FQYGB,TI000O20300
WATDV7HJYHP3GMN9,TI000O70000
WATDV7HJZCDEDUHY,IJ31
WATDV7HJZHGK2YEZ,XO08
WATDV7HY445ZXTHT,TI00PR17400
WATDV7HY5K5JEM9H,IX15
WATDV7HY6HZP47Y3,T1000R41200
WATDV7HY6ZHVVZ5J,ES3472
WATDV7HY8X54WKVX,IX11
WATDV7HYAPFAVWQW,CE1026
WATDV7HYBWEHYFFZ,HA01
WATDV7HYCRZKVR8A,JT08
WATDV7HYCV9HRQWZ,ME3027
WATDV7HYDEHFWTPP,ES3460
WATDV7HYEJMAHZTG,FS4888
WATDV7HYEPBKXSWH,AM4532
WATDV7HYGH8KHFHW,XU15
WATDV7HYGZRTXBNR,JT14
WATDV7HYHBG2WYZT,NM10
WATDV7HYHGQA5BH7,ME1127
WATDV7HYHMGDCHXN,ES3262
WATDV7HYJBZFHFHC,MJ08
WATDV7HYJJFYYHHE,JX08
WATDV7HYKHARUYVG,DU01
WATDV7HYKMPM6VNC,US05
WATDV7HYMMCFHDZZ,I901
WATDV7HYMZSEGHCM,TI00PR18300
WATDV7HYQMXDFDMS,SI03
WATDV7HYQQMQ6ZG6,TI000L20300
WATDV7HYRYNFFQRX,NM09
WATDV7HYSCPMKGRG,TI000R10200
WATDV7HYSZECNNHQ,CT10
WATDV7HYUVVXYV7Z,W8928-03
WATDV7HYVV7FH9KS,G901
WATDV7HYW2CKZKTZ,FS4872
WATDV7HYW5TYJECP,CT13
WATDV7HYYMFQNWWJ,TI000R60100
WATDV7HYYVRTTVDP,FS4543
WATDV7HYYZ6HY7DY,JT15
WATDV7HYZEQYT9QW,PR149
WATDV7HYZJZECTKD,MI21
WATDV8UEXGQDM9HH,FS4719
WATDV8UEZDVZPZKZ,FS4357
WATDVFEP32USZUAF,TI000T90000
WATDVFEP5VEBHZQG,TI000U10200
WATDVFEP6BWM2MRG,TI000U20100
WATDVFEPAKHUDT9F,TI000U10000
WATDVFEPEKNFXFEY,TI00PR19100
WATDVFEPHHTPYWHT,TI000T90100
WATDVFEPP5ZFXNZF,TI000U10300
WATDVFEPR2YAFBXK,TI000U20300
WATDVFEPRCC7ZZZ8,TI000T90200
WATDVFEPTC8X6VN2,EF01
WATDVFEPUWABXN9S,TI000U10100
WATDVFEPVJKVNGGR,TI000T80300
WATDVFEPWBWZJACJ,TI000T90300
WATDVFEPYFCVYRHD,TI000T80200
WATDVFEPYFEVKMXJ,TI000T80100
WATDVHPF8JFAENED,T49271
WATDVHPFEAVT5XYQ,MI19
WATDVHPFKBDSEEDJ,MH25
WATDVRCHAVJEZKJK,FS4896
WATDVRCHBVAM9GZP,FS4886
WATDVRCHNPUPWUFK,FS4875
WATDVRCHVUYJUBRE,ES3203
WATDVZ694PPVW7F5,K201
WATDVZ694UBV4H2R,T2N516
WATDVZ694XPUYMQ8,TI000O80000
WATDVZ69BNCER5FQ,T2N291
WATDVZ69CUUKWKPF,TI000N10100
WATDVZ69EQEHQRZN,TI000O40100
WATDVZ69GDNYHNHH,TI000O40000
WATDVZ69GRKZSFV5,K602
WATDVZ69HR93BYHK,TI000M90100
WATDVZ69J8QGRYND,TI000O70100
WATDVZ69QEVZDK3Y,TI000N30200
WATDVZ69QX9T8CMU,TI000M90000
WATDVZ69YY2QBBEZ,TI000O40200
WATDVZ69ZXFZUMWH,J300
WATDW2MDST5HGEN3,TI016HG0200
WATDX7VG27PATNMK,KH09
WATDX7VG2MJPZ6DC,TI000W10200
WATDX7VG3VCRWGZF,TI00PR18900
WATDX7VG4GKQWHRZ,TI000W20000
WATDX7VG6MSUFGQY,TW000W104
WATDX7VG8MFK4EAV,DY03
WATDX7VGB68RG3SV,UT06
WATDX7VGBAVGACHV,T5K364
WATDX7VGC3WT3ZEH,TI000M70100
WATDX7VGCXAKAHK6,SS08
WATDX7VGDKEGP9BA,TI000Q60300
WATDX7VGFDDJ3KGK,CW09
WATDX7VGHB98WKYJ,A408
WATDX7VGHHFBQZCY,BV04
WATDX7VGHZAP2GZG,TI000I70600
WATDX7VGJED9Q5AR,TI000N30300
WATDX7VGJW6P6KKW,TI000T115
WATDX7VGKCHGFT3J,T5K646
WATDX7VGKGP4G3GU,TI000T114
WATDX7VGMHMRWDUG,TI000T118
WATDX7VGNKCHYC87,M102
WATDX7VGNUETFUX2,TI000W10000
WATDX7VGNWHFAC73,TI000W20200
WATDX7VGQYZ8E5GF,TI000I70900
WATDX7VGR7TAY52C,TI000W20100
WATDX7VGSCJNQXZY,T49939
WATDX7VGTR5URBH7,TI000I70800
WATDX7VGUGPSYE6T,FA01
WATDX7VGVYQU4SS4,TI000W20300
WATDX7VGXCQZD8UK,TI000N30000
WATDX7VGXY6CBUFN,TI000R423
WATDX7VGY365HQZP,UZ01
WATDX7VGYAURZZGR,TI000N80100
WATDX7VGYGBFZSHU,TI000I70700
WATDX7VGYJFQGHHM,TI000N90400
WATDX7VGYRUFXHTP,T2P382
WATDX7VGZ47HZRVA,XU16
WATDX7VGZAFGHHJX,T2P380
WATDX7VGZGX8SBFA,T5K647
WATDX7VGZWX7ZYHU,TI000W10100
WATDXFESCKMYYQFG,SS015915000
WATDXFESCVDH4WCT,SS020648000
WATDXFESGFREYXHW,SS020233000
WATDXFESJXGEJHZP,SS020647000
WATDXFESN2XH7C97,SS013318010
WATDXFESNP3N3WHJ,SS018729000
WATDXFESQCAPHCBN,SS1915800
WATDXFESX7KFGFHA,SS015860000
WATDXFESY2VKTPRQ,SS015859000
WATDXW4Q2FKWVN8B,T5K645
WATDY2Z6ARQHDGXA,TW000T605
WATDY2Z6CFCSVZHR,TW000T603
WATDY2Z6CZSZP7EJ,TW000X201
WATDY2Z6HQGWVTQS,TW000V804
WATDY2Z6RUFZ93JQ,TW000V805
WATDY2Z6SZZBYARB,TW000T306
WATDY2Z6VPJNTPRP,TW000T604
WATDYFQ5GUSFZHPB,FS4852
WATDYFQ5GUUJP99U,JR1336
WATDYFQ5HVWAVVXB,FS4467
WATDYH3N4QMPTXPG,CH2916
WATDYH3N4UBCHJHU,AM4499
WATDYH3N8R7WYKPU,FS4930
WATDYH3N9FQHEYHJ,AM4544
WATDYH3NDHHH8VAA,CH2909
WATDYH3NGAGPBKGT,ES3364
WATDYH3NHJPCXNZ9,FS4913
WATDYH3NJFGFNFFA,FS4909
WATDYH3NNSWWYHWY,ES3546
WATDYH3NNU9BQMY6,ES3528
WATDYH3NPMD6GZC9,ES3545
WATDYH3NRJQGH3H6,AM4547
WATDYH3NVWAZJHET,ES2820
WATDYH3NWUH5ZKWZ,CH2903
WATDYH3NXWHHFFN9,FS4912
WATDYH3NZQWJTCQJ,FS4911
WATDYY4427AE4ZCZ,SS014523000
WATDYY44DZDXUBM9,SS020336000
WATDYY44KDDTVSPR,SS014527000
WATDYY44SFNPSBVZ,SS016979000
WATDYZYK3XZAYJCY,TW000W800
WATDYZYK4G4EHKBT,TI000R419
WATDYZYK8TAYZE7C,T49967
WATDYZYKBS2P7AWA,TW000X100
WATDYZYKBUBHYF5Y,TW000W703
WATDYZYKETCKF7AC,TW000W702
WATDYZYKFUFRHFZV,TW000W801
WATDYZYKGZ9VRHXP,TW000X103
WATDYZYKHPQZTNWG,TW000W502
WATDYZYKHT6ESGCB,TW000W602
WATDYZYKRENXZGJZ,TW000W803
WATDYZYKRYEMKTQ5,T2N942
WATDYZYKTVQXEUCY,TI000R418
WATDYZYKUF7SD6FY,TW000W600
WATDYZYKUTMWR4DD,TW000X102
WATDYZYKVP6ZCCS9,TW000W601
WATDYZYKXGAHSHFH,TW000X101
WATDYZYKZFQGHQJQ,TW000W802
WATDYZYKZHSSZYYG,TW000X200
WATDZ4GU2KXEYHH5,ES3526
WATDZ4GU8ZK32GSA,AM4556
WATDZ4GUB395TEH4,FS4932
WATDZ4GUBDX2KRGM,ES3558
WATDZ4GUCJPHDBEP,AM4546
WATDZ4GUGYXCMF8Y,ES3523
WATDZ4GUN6REDBWC,AM4549
WATDZ4GUNBR2ZMTU,ES3522
WATDZ4GUNYUBXN3D,FS4918
WATDZ4GUQ4H5VRWA,ES3559
WATDZ4GUSRRBNCCE,CH2914
WATDZ4GUVKVHYYXF,ES3561
WATDZ4GUW7ZGSGYN,ES3560
WATDZ4GUXECCJS9F,ES3514
WATDZ4GUXVHMAZGG,ES3565
WATDZ4GUZFMN3GFZ,FS4931
WATDZ4GUZKM28WEE,FS4921
WATDZU4P3A4SGBZP,T2N746
WATDZU4P3EZQC4T2,TI000T218
WATDZU4P8WZXBCRA,T2N893
WATDZU4PASDKGTY7,T2P235
WATDZU4PCDGGUSHW,TI000T215
WATDZU4PD3PXXEP9,JJ08
WATDZU4PEU3TXGUG,TI000R41200
WATDZU4PG4E22ZJW,TI000R422
WATDZU4PGNHPCDT4,T2N651
WATDZU4PHAPGPH8D,OL00
WATDZU4PHGE9HHZH,JH05
WATDZU4PHVCSRZM9,TI000Q90200
WATDZU4PJ4ESRUUB,T2N654
WATDZU4PMJ4V9J5A,TI000T214
WATDZU4PMPVFCTWC,T2N647
WATDZU4PMQMUTH7P,B013
WATDZU4PWFUZYQDD,T2N649
WATDZU4PXUZFFZEZ,T2P234
WATDZU4PZ2MFW92D,OI05
WATDZU4PZMGNHKPP,T2P236
WATE2A7SWJEEMMFF,CH2896
WATE2BDGQCHAVGXY,ES3459
WATE2BDHCZJ2ZEJK,ME3052
WATE2H2ZHNYTCFDS,LE1020
WATE2H2ZNQHVEBG3,ME1029
WATE2H2ZPXDKKEYC,ES3436
WATE2H2ZSGTRKAPZ,ES3356
WATE2H2ZWMHWGZB9,JR9991
WATE2H2ZYT96HGHH,ME1146
WATE2NJWHVFYBMEP,JR1473
WATE2XHSDG3HSYHH,ME1146
WATE2XHSEBW6GCCT,FS4852
WATE2XHSHPVZRSFG,ME1145
WATE2XHTFQHD3XBT,FS4863
WATE2XHTGKXW9EFF,ES3573
WATE32FX43R97GFZ,T49976
WATE32FX9EYGBMXS,T5K813
WATE32FXAHQE97YZ,T5K793
WATE32FXDZVCFPUA,T5E931
WATE32FXGMFW9AKE,T49974
WATE32FXGPB9F8VM,T5K588
WATE32FXGZVM4CQZ,T5K689
WATE32FXHDPGBGJE,T5K814
WATE32FXHGGFKZTD,T5K703
WATE32FXHGMH2DZN,T5K823
WATE32FXHGW2QGRS,T49973
WATE32FXKYN2FQBP,T5K810
WATE32FXNV6BNHP7,T5K195
WATE32FXS6FD4YN3,T49984
WATE32FXSZHR8BAR,T49983
WATE32FXTHJ6JQ5E,T49970
WATE32FXYHW9DTCH,T2P494
WATE34TD6Z4RMPFD,T2M759
WATE34TD7MN6HWHG,KU04
WATE34TDAMHEZSZ4,GH29
WATE34TDFAGVZKZM,PR128
WATE34TDJ6BHXP5Q,ZR91
WATE34TDKGUQARD2,T45181
WATE34TDWDAJQGTJ,T49741
WATE36FV2GU2HNQT,T2P462
WATE36FV4MUZC6JU,T2P430
WATE36FV7GCTPDMH,T5K020
WATE36FV7XDDJAZP,T5K789
WATE36FV8GCQUG6V,T2P467
WATE36FV8JZECKCC,T5K831
WATE36FVB5TGGQNH,T2P439
WATE36FVBA3CGFPC,T5K520
WATE36FVCSJSKGNJ,T20031
WATE36FVD9ZHKGVP,T2P526
WATE36FVDEKQ7J6A,T2P200
WATE36FVGCHB7XQG,T5K412
WATE36FVGCHPQECY,T5K529
WATE36FVGGKBVZYW,T2P464
WATE36FVGKPANDWZ,T2P232
WATE36FVJ5TQMBMN,T5K523
WATE36FVJSUFGQHQ,T2P557
WATE36FVJTTRGZ3A,T49897
WATE36FVMDW7QDQC,T2N649
WATE36FVNPEDZRHB,T20011
WATE36FVPB5QU2XM,T49987
WATE36FVRZGACNFN,T2P511
WATE36FVS2Y3CFJC,T5K809
WATE36FVSMXVT8ZD,T2H291
WATE36FVUQGYDEGM,T49986
WATE36FVVE63MEMD,T2M828
WATE36FVWZYYZFHZ,T49971
WATE36FVXGAUGWWX,T2P543
WATE36FVXJEEAWQW,T49957
WATE36FVYQJGGERE,T2P230
WATE36FVZ6UFTSSA,T2P469
WATE36FVZDJE6A3X,T49977
WATE36FVZDMWQBBA,T2P527
WATE36FVZFQHYDEU,T49945
WATE37HFDGG3MRHV,T5K741
WATE37HFGRG6KKUE,T2P461
WATE37HFMEKPGDDQ,T5K417
WATE37HFYYHQQYH8,T2N837
WATE38PGUFAABWPP,T5K494
WATE39DC2BZ5YQCH,ME3044
WATE39DC2MDZZ8HW,BQ1129
WATE39DC2R9GHBZE,BQ1686
WATE39DC2WCVM49Y,BQ1643
WATE39DC2WP9R54Y,FS4904
WATE39DC3ATY8KQD,BQ1110
WATE39DC4HGFBG3V,ES3583
WATE39DC4VBGW2SP,ES3507
WATE39DC5FHYQSXZ,BQ1657
WATE39DC5JDJPZ4N,BQ1601
WATE39DC5PGMVXGV,CH2921
WATE39DC5VP8RHWU,BQ1640
WATE39DC6CFYZ8CM,ES3494
WATE39DC6Z6GY262,JR1461
WATE39DC7MFD5AWX,BQ1566
WATE39DC7U8GZKXZ,ES3358
WATE39DC8ZBGSNRN,BQ1563
WATE39DC9BZACP6C,FS4851
WATE39DCAJY6NGAY,ME1152
WATE39DCAREKB9M9,ME3045
WATE39DCAV2BRDHH,ME3051
WATE39DCAV4YN2N7,BQ1660
WATE39DCB9G5Z77P,ME1157
WATE39DCBF7CHXNP,BQ1554
WATE39DCBFEDYZHF,BQ1689
WATE39DCBGSZFYXJ,BQ1690
WATE39DCBHDHWCRS,BQ1648
WATE39DCBNSHFANH,BQ1553
WATE39DCBRGJJEUM,BQ1626
WATE39DCBSAFPKHF,ME3047
WATE39DCBWN7Z6NK,BQ1644
WATE39DCBYS4HZHH,CH2905
WATE39DCCEGUFSEX,BQ1684
WATE39DCCMK6TYS2,ES3576
WATE39DCCST9WYZS,BQ1529
WATE39DCCWHK8HGF,BQ1573
WATE39DCD5SRVHFT,BQ1627
WATE39DCDCJGAXXG,BQ1675
WATE39DCDFZEYEYM,BQ1482
WATE39DCDQSBJNGS,BQ1651
WATE39DCDZ5HHJH8,BQ1602
WATE39DCE4SHT6BW,AM4554
WATE39DCE9GEYRKT,ME3049
WATE39DCEVQNEW6H,BQ1687
WATE39DCEWMGQ2YY,BQ1646
WATE39DCF757VK6F,BQ1693
WATE39DCFEGD7QEW,ME1158
WATE39DCFFMPZG9G,AM4539
WATE39DCFFVUFHAF,AM4534
WATE39DCFGTHV9DF,BQ1544
WATE39DCFGZHDS6T,BQ1647
WATE39DCFJHGSPNF,BQ1674
WATE39DCFJYXC7CZ,ES3604
WATE39DCFKZKHTYS,ES3606
WATE39DCFSNHCVMU,BQ1685
WATE39DCFY8VKHBH,AM4540
WATE39DCGBGVNW9E,FS4957
WATE39DCGD5MAV24,AM4557
WATE39DCGD8YWK2Y,ME1149
WATE39DCGFX8DQX7,BQ1625
WATE39DCGGFZTNAZ,BQ1688
WATE39DCGHZTJZFN,FS4965
WATE39DCGKNS6UD3,BQ1692
WATE39DCGMUTTEMJ,BQ1483
WATE39DCGVWBDBGA,BQ1571
WATE39DCGYFPF2BK,AM4584
WATE39DCGZFP8GZT,BQ1130
WATE39DCGZHZZQX4,ME1151
WATE39DCHGRCFWGC,BQ1682
WATE39DCHPF8SXNG,JR1474
WATE39DCHPK6PFNK,FS4928
WATE39DCHVGBGYQZ,ES3608
WATE39DCHYCRMATS,ME3028
WATE39DCJBEGZK6Y,BQ1484
WATE39DCJKNBYPAN,BQ1681
WATE39DCJTGP9NHV,BQ1556
WATE39DCJYQQ6ZYK,ES3264
WATE39DCK5AWCHQM,ES3591
WATE39DCKDARXF6Z,ME3048
WATE39DCKFE8WUAS,BQ1504
WATE39DCKW2UXRPB,CH2904
WATE39DCKWCZXHGV,BQ1673
WATE39DCMAFE9JBG,BQ1567
WATE39DCMGZ2DHB3,BQ1509
WATE39DCMQCTFM3N,BQ1540
WATE39DCMVCYASKF,CE1041
WATE39DCNBNYAURZ,BQ1632
WATE39DCNFHYZ9U5,BQ1496
WATE39DCNJ32NWNR,BQ1629
WATE39DCNQVADDXQ,BQ1642
WATE39DCNXBM9S28,BQ1560
WATE39DCNZTTTZS5,BQ1546
WATE39DCP6BJBHDQ,BQ1499
WATE39DCPAPEWG79,ES3569
WATE39DCPQDJWHK3,BQ1600
WATE39DCPTF9DHTY,AM4552
WATE39DCPVNHGYMG,BQ1656
WATE39DCPVZC2VZM,CH2912
WATE39DCPXRCNGZ5,ES3605
WATE39DCQ3CDUMEX,BQ1676
WATE39DCQAG68WZR,BQ1607
WATE39DCQHDZYZEB,ES3592
WATE39DCQUYZJYYY,BQ1630
WATE39DCQWFZFANT,BQ1580
WATE39DCQWPJDPJ4,BQ1583
WATE39DCR3NTGKPA,AM4522
WATE39DCRGPGKRHX,CH2900
WATE39DCRZH48BXG,BQ1678
WATE39DCS2YPCZZV,BQ1649
WATE39DCS6YJNPBZ,ES3500
WATE39DCSJFAMNF9,BQ1653
WATE39DCSPBFYKC8,JR1467
WATE39DCSQ7KVG5S,BQ1670
WATE39DCT2RDXSFK,BQ1570
WATE39DCT4R7FT8Z,AM4560
WATE39DCTHBHZDTH,BQ1671
WATE39DCTXAUEUAD,ES3613
WATE39DCUE6FA37G,BQ1492
WATE39DCUZXZWBFY,AM4553
WATE39DCVFKWF2MW,BQ1604
WATE39DCVGSH8QUT,ES3630
WATE39DCVHJJ35XA,BQ1672
WATE39DCVSGBEQEJ,BQ1608
WATE39DCVUTHT27U,ME1114
WATE39DCVZ2ANFHJ,ES3585
WATE39DCW4JY5TUM,BQ1677
WATE39DCWCTZXYGK,BQ1624
WATE39DCWHBSNGWA,JR1466
WATE39DCWMFHHVYG,ES3529
WATE39DCWPP2HHNX,BQ1679
WATE39DCWVVADYVD,BQ1628
WATE39DCWXVFSHEW,BQ1652
WATE39DCXATUV77P,FS4955
WATE39DCXQATZ5GV,BQ1485
WATE39DCY95YJFTH,BQ1605
WATE39DCYBTW3YNN,BQ1593
WATE39DCYBYRZHDM,FS4927
WATE39DCYGQNHG99,ES3572
WATE39DCYJHG98PF,ES3477
WATE39DCYPWFDQNY,BQ1521
WATE39DCYQHVQPXE,AM4559
WATE39DCYQQE5TP9,BQ1631
WATE39DCYU5VV5EX,ES3599
WATE39DCZ32JVZHD,JR1445
WATE39DCZ58H9PUD,BQ1555
WATE39DCZFESB5PG,ES3600
WATE39DCZFGZGTHV,ME1153
WATE39DCZGAAASFG,BQ1680
WATE39DCZJVCYBQG,AM4533
WATE39DCZNYGJYHR,BQ1654
WATE39DCZP5C4ZAN,BQ1561
WATE39DCZT9ZAHGX,BQ1606
WATE39DCZTRQDGYR,BQ1520
WATE39DCZUYAKR4H,BQ1683
WATE39DCZXCKCHZH,FS4964
WATE39DCZZUEHTBT,ES3557
WATE3BXS3ZZYMSHE,FS4994
WATE3BXSYMDRYZPB,JR1475
WATE3BXTFMGWSXFG,CH2948
WATE3BXTJ7DH5WDR,FS4992
WATE3BXTQHEGBXS2,CH2938
WATE3BXTTENX4ZZZ,JR1476
WATE3BXTUMYCT8JM,FS4991
WATE3BXTXZKUT3BA,FS4987
WATE3BXTZHPFZRXD,CH2939
WATE3BXUBNPMF5N9,CH2942
WATE3BXUPH6F6NK4,ES3675
WATE3BXUZYPSDWZY,ME1138
WATE3Q73VHHZHZCY,ES3458
WATE3SHJ4GUXGDFE,T2P512
WATE3SHJA4HNEPNF,T2P236
WATE3SHJW6TXQKPX,T2P203
WATE3SHJZSSCCZEY,T2P521
WATE3VZYJSVERMHW,T45781
WATE3VZYTGTUKQRG,T49709
WATE43E84NYQ5H2N,TW000Y702
WATE43E8BD4XT4DW,TW000Y600
WATE43E8EGGQ4VQH,TW000Y701
WATE43E8GKZPDYZH,TW000Y601
WATE43E8HCDHFPJN,TW000Y602
WATE43E8KYMBGVHA,TW000Y901
WATE43E8QFESCTF9,TW000Z101
WATE43E8QKUX3NWA,TW000Y700
WATE43E8RQMJUF6W,TW000Y703
WATE43E8TGFM9ZJG,TW000Y803
WATE43E8XJTDWYYU,TW000Z100
WATE43E8Y5ZD8UNJ,TW000Y903
WATE43E8ZZ5P9CPN,TW000Y902
WATE4MVY7GPBDG8G,T49963
WATE4MVY7YWZPD8V,T2N931
WATE4MVY9RBEVBAP,T49902
WATE4MVYBTHUXDGC,T5E901
WATE4MVYFGADYPTJ,T41711
WATE4MVYH4TMHRCB,T2P145
WATE4MVYJDD4WAHK,T2P285
WATE4MVYNHUAJPCV,T5K742
WATE4MVYNY6ZNGVF,T2P314
WATE4MVYPYAECYF9,T2P385
WATE4MVYY3QPKFQN,T49951
WATEF2MWJX2YZV8R,TI000N10200
WATEF2MWRVBUBFE8,NQ01
WATEFBFU2HHZZTWJ,CH2920
WATEFBFU3RDGCPZX,TI000T40100
WATEFBFU4F9HBTJZ,G907
WATEFBFU6STHWPSJ,AM4578
WATEFBFU6ZDP355H,T2N611
WATEFBFU7VJRWWHU,FS4926
WATEFBFU8DMRDYJ8,T41891
WATEFBFU8VGR3SFN,TW000W500
WATEFBFUAH2HC5VG,FS4929
WATEFBFUAJ7FYPGM,ES3616
WATEFBFUARVGB2PA,ES3598
WATEFBFUAZZZ5YA6,DV14
WATEFBFUBJMHUNDZ,DV13
WATEFBFUBMK3RUHT,PR59
WATEFBFUBSQAAQGE,T2N613
WATEFBFUCTMNU7G5,AM4576
WATEFBFUDEWH4XCV,PR140
WATEFBFUDFUBQHF4,ES3588
WATEFBFUDH7METXU,TW000W701
WATEFBFUDPGGK5ZN,K103
WATEFBFUEAZM9B22,PR141
WATEFBFUEDARH6YH,ES3580
WATEFBFUEE9M48T2,NM16
WATEFBFUERBZCRA2,TW000W700
WATEFBFUFAHHGZPW,PR57
WATEFBFUFHHNGDU5,ES3590
WATEFBFUFVGHFHW9,CH2937
WATEFBFUG5T36AGG,AM4562
WATEFBFUGGV7UQFA,TI00PR18800
WATEFBFUGMJGZC5E,ES3625
WATEFBFUHGZXPZ2Y,ES3581
WATEFBFUJ9NVEZWV,PR116
WATEFBFUJBTFFZRV,TW000W901
WATEFBFUKFFRGYTY,K200
WATEFBFUKRKFVDNH,TW000Q407
WATEFBFUP7EZH3UD,JV11
WATEFBFUPDGUZSYQ,TI000E31600
WATEFBFUQK24NJGA,H805
WATEFBFUQKCZBBHN,TI000R421
WATEFBFUQY5XZT6W,CW10
WATEFBFUSGNH2SPG,FS4939
WATEFBFUSKX2HVHA,ES3587
WATEFBFUTHS5EVGV,ES3582
WATEFBFUTKEJX92Z,TI000R30000
WATEFBFUTXPZGZJF,ME3055
WATEFBFUUX7G4XUK,TI016HG0200
WATEFBFUVEASQMPF,I203
WATEFBFUVKRQD2PY,ES3584
WATEFBFUVSSGRMHR,TW000W501
WATEFBFUWGT5F2SF,ME3039
WATEFBFUWXJXBBGQ,ES3629
WATEFBFUXDZETDYP,H806
WATEFBFUXFBD4HEY,ES3594
WATEFBFUXMVVXWWJ,I202
WATEFBFUXMW3XRGA,TI000R20100
WATEFBFUYBHAQDNN,TI000R30100
WATEFBFUYZNQR2FQ,LE1021
WATEFBFUZKX4DTF6,TI000O70300
WATEFBFUZXZKZKZF,NT05
WATEFBFUZZZQCEFR,T2N339
WATEY3YDG2TWFHRU,TI017HG0100
WATEY3YDJDQZFZ7F,TI022HG0200
WATEY3YDW62MZFGQ,TI022HG0300
WATEY3YDZEG9ZAKU,TI022HG0100
WATEYAR7AP4NYXHG,CH2935
WATEYAR7DE3CPGYZ,AM4569
WATEYAR7G9RY8RFP,CH2923
WATEYAR7JZZX8CHU,AM4568
WATEYAR7M8Q6HNVY,FS4936
WATEYAR7PXZ2H7CZ,FS4944
WATEYAR7U6ZEYRBF,FS4943
WATEYAR7YGNPWADM,FS4937
WATEYAR7ZYUGQK5G,FS4933
WATEYE9XZXTQEVMU,SS020675000
WATEYNAK5Z4NEKCX,TI002B20000
WATEYNAKRGVCMKVM,Ti002B20300
WATEYX3JDBGNH2AY,TW000Y500
WATEYX3JGXHGEFZF,TW000Y402
WATEYX3JMWHA3RYK,TW000Y503
WATEYX3JNATCFFYZ,TW000Y502
WATEYX3JPZDQ8YZB,TW000Y401
WATEYX3JT8HKBAMW,TW000Y400
WATEYX3JZM2RDKPG,TW000Y501
WATEYYUJD32JQKWR,T49981
WATEYYUJENHPG27X,T49997
WATEYYUJFJKZEG4P,T49983
WATEYYUJFUVNAHQH,T49975
WATEYYUJFZX9JWV5,T49980
WATEYYUJGJURGH3H,T49985
WATEYYUJGRTQHGAG,T49991
WATEYYUJHW3GYRAH,T49970
WATEYYUJKJSVVZB6,T49974
WATEYYUJNRZQWQGZ,T49987
WATEYYUJQFSQGWCK,T49973
WATEYYUJRZB6WNPJ,T49984
WATEYYUJTZGNPQRQ,T49989
WATEYYUJWXPJ6WVT,T49994
WATEYYUJZBX4RHKM,T49971
WATEYYUJZTVVZ95H,T49990
WATEYYUJZTZDFQQ4,T49988
